id,base_drop,random_drop,weight_random_drop_group_1,num_weight_1,weight_random_drop_group_2,num_weight_2,weight_random_drop_group_3,num_weight_3,weight_random_drop_group_4,num_weight_4
int,varchar,varchar,int,varchar,int,varchar,int,varchar,int,varchar
cs,cs,cs,s,s,s,s,s,s,s,s
"ID(前两位为类型11-剧情本掉落，后三位序号。12-每日本,13-挑战本)(CS)","首次掉落{100,类型,id,星级,数量}(CS)","概率掉落{概率,类型,id,星级,数量}(CS)",权重掉落组1(S),数量权重1(S),权重掉落组2(S),数量权重2(S),权重掉落组3(S),数量权重3(S),权重掉落组4(S),数量权重4(S)
111001,"{{100,6,1,0,10},{100,6,2,0,5},{100,6,4,0,10}}","{{30,6,1,0,10},{30,6,2,0,5},{30,6,4,0,10}}",1,"{{3,5},{4,10},{5,10}}",3,"{{3,5},{4,10},{5,10}}",4,"{{3,5},{4,10},{5,10}}",6,"{{3,5},{4,10},{5,10}}"
111002,"{{100,6,1,0,10},{100,6,2,0,5},{100,6,4,0,10}}","{{30,6,1,0,10},{30,6,2,0,5},{30,6,4,0,10}}",1,"{{3,5},{4,10},{5,10}}",3,"{{3,5},{4,10},{5,10}}",4,"{{3,5},{4,10},{5,10}}",6,"{{3,5},{4,10},{5,10}}"
111003,"{{100,6,1,0,10},{100,6,2,0,5},{100,6,4,0,10}}","{{30,6,1,0,10},{30,6,2,0,5},{30,6,4,0,10}}",1,"{{3,5},{4,10},{5,10}}",3,"{{3,5},{4,10},{5,10}}",4,"{{3,5},{4,10},{5,10}}",6,"{{3,5},{4,10},{5,10}}"
111004,"{{100,6,1,0,10},{100,6,2,0,5},{100,6,4,0,10}}","{{30,6,1,0,10},{30,6,2,0,5},{30,6,4,0,10}}",1,"{{3,5},{4,10},{5,10}}",3,"{{3,5},{4,10},{5,10}}",4,"{{3,5},{4,10},{5,10}}",6,"{{3,5},{4,10},{5,10}}"
111005,"{{100,6,1,0,10},{100,6,2,0,5},{100,6,4,0,10}}","{{30,6,1,0,10},{30,6,2,0,5},{30,6,4,0,10}}",1,"{{3,5},{4,10},{5,10}}",3,"{{3,5},{4,10},{5,10}}",4,"{{3,5},{4,10},{5,10}}",6,"{{3,5},{4,10},{5,10}}"
111006,"{{100,6,1,0,10},{100,6,2,0,5},{100,6,4,0,10}}","{{30,6,1,0,10},{30,6,2,0,5},{30,6,4,0,10}}",1,"{{3,5},{4,10},{5,10}}",3,"{{3,5},{4,10},{5,10}}",4,"{{3,5},{4,10},{5,10}}",6,"{{3,5},{4,10},{5,10}}"
111007,"{{100,6,1,0,10},{100,6,2,0,5},{100,6,4,0,10}}","{{30,6,1,0,10},{30,6,2,0,5},{30,6,4,0,10}}",1,"{{3,5},{4,10},{5,10}}",3,"{{3,5},{4,10},{5,10}}",4,"{{3,5},{4,10},{5,10}}",6,"{{3,5},{4,10},{5,10}}"
111008,"{{100,6,1,0,10},{100,6,2,0,5},{100,6,4,0,10}}","{{30,6,1,0,10},{30,6,2,0,5},{30,6,4,0,10}}",1,"{{3,5},{4,10},{5,10}}",3,"{{3,5},{4,10},{5,10}}",4,"{{3,5},{4,10},{5,10}}",6,"{{3,5},{4,10},{5,10}}"
111009,"{{100,6,1,0,10},{100,6,2,0,5},{100,6,4,0,10}}","{{30,6,1,0,10},{30,6,2,0,5},{30,6,4,0,10}}",1,"{{3,5},{4,10},{5,10}}",3,"{{3,5},{4,10},{5,10}}",4,"{{3,5},{4,10},{5,10}}",6,"{{3,5},{4,10},{5,10}}"
111010,"{{100,6,1,0,10},{100,6,2,0,5},{100,6,4,0,10}}","{{30,6,1,0,10},{30,6,2,0,5},{30,6,4,0,10}}",1,"{{3,5},{4,10},{5,10}}",3,"{{3,5},{4,10},{5,10}}",4,"{{3,5},{4,10},{5,10}}",6,"{{3,5},{4,10},{5,10}}"
111011,"{{100,6,1,0,10},{100,6,2,0,5},{100,6,4,0,10}}","{{30,6,1,0,10},{30,6,2,0,5},{30,6,4,0,10}}",1,"{{3,5},{4,10},{5,10}}",3,"{{3,5},{4,10},{5,10}}",4,"{{3,5},{4,10},{5,10}}",6,"{{3,5},{4,10},{5,10}}"
111012,"{{100,6,1,0,10},{100,6,2,0,5},{100,6,4,0,10}}","{{30,6,1,0,10},{30,6,2,0,5},{30,6,4,0,10}}",1,"{{3,5},{4,10},{5,10}}",3,"{{3,5},{4,10},{5,10}}",4,"{{3,5},{4,10},{5,10}}",6,"{{3,5},{4,10},{5,10}}"
111013,"{{100,6,1,0,10},{100,6,2,0,5},{100,6,4,0,10}}","{{30,6,1,0,10},{30,6,2,0,5},{30,6,4,0,10}}",1,"{{3,5},{4,10},{5,10}}",3,"{{3,5},{4,10},{5,10}}",4,"{{3,5},{4,10},{5,10}}",6,"{{3,5},{4,10},{5,10}}"
111014,"{{100,6,1,0,10},{100,6,2,0,5},{100,6,4,0,10}}","{{30,6,1,0,10},{30,6,2,0,5},{30,6,4,0,10}}",1,"{{3,5},{4,10},{5,10}}",3,"{{3,5},{4,10},{5,10}}",4,"{{3,5},{4,10},{5,10}}",6,"{{3,5},{4,10},{5,10}}"
111015,"{{100,6,1,0,10},{100,6,2,0,5},{100,6,4,0,10}}","{{30,6,1,0,10},{30,6,2,0,5},{30,6,4,0,10}}",1,"{{3,5},{4,10},{5,10}}",3,"{{3,5},{4,10},{5,10}}",4,"{{3,5},{4,10},{5,10}}",6,"{{3,5},{4,10},{5,10}}"
111016,"{{100,6,1,0,10},{100,6,2,0,5},{100,6,4,0,10}}","{{30,6,1,0,10},{30,6,2,0,5},{30,6,4,0,10}}",1,"{{3,5},{4,10},{5,10}}",3,"{{3,5},{4,10},{5,10}}",4,"{{3,5},{4,10},{5,10}}",6,"{{3,5},{4,10},{5,10}}"
111017,"{{100,6,1,0,10},{100,6,2,0,5},{100,6,4,0,10}}","{{30,6,1,0,10},{30,6,2,0,5},{30,6,4,0,10}}",1,"{{3,5},{4,10},{5,10}}",3,"{{3,5},{4,10},{5,10}}",4,"{{3,5},{4,10},{5,10}}",6,"{{3,5},{4,10},{5,10}}"
111018,"{{100,6,1,0,10},{100,6,2,0,5},{100,6,4,0,10}}","{{30,6,1,0,10},{30,6,2,0,5},{30,6,4,0,10}}",1,"{{3,5},{4,10},{5,10}}",3,"{{3,5},{4,10},{5,10}}",4,"{{3,5},{4,10},{5,10}}",6,"{{3,5},{4,10},{5,10}}"
111019,"{{100,6,1,0,10},{100,6,2,0,5},{100,6,4,0,10}}","{{30,6,1,0,10},{30,6,2,0,5},{30,6,4,0,10}}",1,"{{3,5},{4,10},{5,10}}",3,"{{3,5},{4,10},{5,10}}",4,"{{3,5},{4,10},{5,10}}",6,"{{3,5},{4,10},{5,10}}"
111020,"{{100,6,1,0,10},{100,6,2,0,5},{100,6,4,0,10}}","{{30,6,1,0,10},{30,6,2,0,5},{30,6,4,0,10}}",1,"{{3,5},{4,10},{5,10}}",3,"{{3,5},{4,10},{5,10}}",4,"{{3,5},{4,10},{5,10}}",6,"{{3,5},{4,10},{5,10}}"
111021,"{{100,6,1,0,10},{100,6,2,0,5},{100,6,4,0,10}}","{{30,6,1,0,10},{30,6,2,0,5},{30,6,4,0,10}}",1,"{{3,5},{4,10},{5,10}}",3,"{{3,5},{4,10},{5,10}}",4,"{{3,5},{4,10},{5,10}}",6,"{{3,5},{4,10},{5,10}}"
111022,"{{100,6,1,0,10},{100,6,2,0,5},{100,6,4,0,10}}","{{30,6,1,0,10},{30,6,2,0,5},{30,6,4,0,10}}",1,"{{3,5},{4,10},{5,10}}",3,"{{3,5},{4,10},{5,10}}",4,"{{3,5},{4,10},{5,10}}",6,"{{3,5},{4,10},{5,10}}"
111023,"{{100,6,1,0,10},{100,6,2,0,5},{100,6,4,0,10}}","{{30,6,1,0,10},{30,6,2,0,5},{30,6,4,0,10}}",1,"{{3,5},{4,10},{5,10}}",3,"{{3,5},{4,10},{5,10}}",4,"{{3,5},{4,10},{5,10}}",6,"{{3,5},{4,10},{5,10}}"
111024,"{{100,6,1,0,10},{100,6,2,0,5},{100,6,4,0,10}}","{{30,6,1,0,10},{30,6,2,0,5},{30,6,4,0,10}}",1,"{{3,5},{4,10},{5,10}}",3,"{{3,5},{4,10},{5,10}}",4,"{{3,5},{4,10},{5,10}}",6,"{{3,5},{4,10},{5,10}}"
111025,"{{100,6,1,0,10},{100,6,2,0,5},{100,6,4,0,10}}","{{30,6,1,0,10},{30,6,2,0,5},{30,6,4,0,10}}",1,"{{3,5},{4,10},{5,10}}",3,"{{3,5},{4,10},{5,10}}",4,"{{3,5},{4,10},{5,10}}",6,"{{3,5},{4,10},{5,10}}"
111026,"{{100,6,1,0,10},{100,6,2,0,5},{100,6,4,0,10}}","{{30,6,1,0,10},{30,6,2,0,5},{30,6,4,0,10}}",1,"{{3,5},{4,10},{5,10}}",3,"{{3,5},{4,10},{5,10}}",4,"{{3,5},{4,10},{5,10}}",6,"{{3,5},{4,10},{5,10}}"
111027,"{{100,6,1,0,10},{100,6,2,0,5},{100,6,4,0,10}}","{{30,6,1,0,10},{30,6,2,0,5},{30,6,4,0,10}}",1,"{{3,5},{4,10},{5,10}}",3,"{{3,5},{4,10},{5,10}}",4,"{{3,5},{4,10},{5,10}}",6,"{{3,5},{4,10},{5,10}}"
111028,"{{100,6,1,0,10},{100,6,2,0,5},{100,6,4,0,10}}","{{30,6,1,0,10},{30,6,2,0,5},{30,6,4,0,10}}",1,"{{3,5},{4,10},{5,10}}",3,"{{3,5},{4,10},{5,10}}",4,"{{3,5},{4,10},{5,10}}",6,"{{3,5},{4,10},{5,10}}"
111029,"{{100,6,1,0,10},{100,6,2,0,5},{100,6,4,0,10}}","{{30,6,1,0,10},{30,6,2,0,5},{30,6,4,0,10}}",1,"{{3,5},{4,10},{5,10}}",3,"{{3,5},{4,10},{5,10}}",4,"{{3,5},{4,10},{5,10}}",6,"{{3,5},{4,10},{5,10}}"
111030,"{{100,6,1,0,10},{100,6,2,0,5},{100,6,4,0,10}}","{{30,6,1,0,10},{30,6,2,0,5},{30,6,4,0,10}}",1,"{{3,5},{4,10},{5,10}}",3,"{{3,5},{4,10},{5,10}}",4,"{{3,5},{4,10},{5,10}}",6,"{{3,5},{4,10},{5,10}}"
111031,"{{100,6,1,0,10},{100,6,2,0,5},{100,6,4,0,10}}","{{30,6,1,0,10},{30,6,2,0,5},{30,6,4,0,10}}",1,"{{3,5},{4,10},{5,10}}",3,"{{3,5},{4,10},{5,10}}",4,"{{3,5},{4,10},{5,10}}",6,"{{3,5},{4,10},{5,10}}"
111032,"{{100,6,1,0,10},{100,6,2,0,5},{100,6,4,0,10}}","{{30,6,1,0,10},{30,6,2,0,5},{30,6,4,0,10}}",1,"{{3,5},{4,10},{5,10}}",3,"{{3,5},{4,10},{5,10}}",4,"{{3,5},{4,10},{5,10}}",6,"{{3,5},{4,10},{5,10}}"
111033,"{{100,6,1,0,10},{100,6,2,0,5},{100,6,4,0,10}}","{{30,6,1,0,10},{30,6,2,0,5},{30,6,4,0,10}}",1,"{{3,5},{4,10},{5,10}}",3,"{{3,5},{4,10},{5,10}}",4,"{{3,5},{4,10},{5,10}}",6,"{{3,5},{4,10},{5,10}}"
111034,"{{100,6,1,0,10},{100,6,2,0,5},{100,6,4,0,10}}","{{30,6,1,0,10},{30,6,2,0,5},{30,6,4,0,10}}",1,"{{3,5},{4,10},{5,10}}",3,"{{3,5},{4,10},{5,10}}",4,"{{3,5},{4,10},{5,10}}",6,"{{3,5},{4,10},{5,10}}"
111035,"{{100,6,1,0,10},{100,6,2,0,5},{100,6,4,0,10}}","{{30,6,1,0,10},{30,6,2,0,5},{30,6,4,0,10}}",1,"{{3,5},{4,10},{5,10}}",3,"{{3,5},{4,10},{5,10}}",4,"{{3,5},{4,10},{5,10}}",6,"{{3,5},{4,10},{5,10}}"
111036,"{{100,6,1,0,10},{100,6,2,0,5},{100,6,4,0,10}}","{{30,6,1,0,10},{30,6,2,0,5},{30,6,4,0,10}}",1,"{{3,5},{4,10},{5,10}}",3,"{{3,5},{4,10},{5,10}}",4,"{{3,5},{4,10},{5,10}}",6,"{{3,5},{4,10},{5,10}}"
111037,"{{100,6,1,0,10},{100,6,2,0,5},{100,6,4,0,10}}","{{30,6,1,0,10},{30,6,2,0,5},{30,6,4,0,10}}",1,"{{3,5},{4,10},{5,10}}",3,"{{3,5},{4,10},{5,10}}",4,"{{3,5},{4,10},{5,10}}",6,"{{3,5},{4,10},{5,10}}"
111038,"{{100,6,1,0,10},{100,6,2,0,5},{100,6,4,0,10}}","{{30,6,1,0,10},{30,6,2,0,5},{30,6,4,0,10}}",1,"{{3,5},{4,10},{5,10}}",3,"{{3,5},{4,10},{5,10}}",4,"{{3,5},{4,10},{5,10}}",6,"{{3,5},{4,10},{5,10}}"
111039,"{{100,6,1,0,10},{100,6,2,0,5},{100,6,4,0,10}}","{{30,6,1,0,10},{30,6,2,0,5},{30,6,4,0,10}}",1,"{{3,5},{4,10},{5,10}}",3,"{{3,5},{4,10},{5,10}}",4,"{{3,5},{4,10},{5,10}}",6,"{{3,5},{4,10},{5,10}}"
111040,"{{100,6,1,0,10},{100,6,2,0,5},{100,6,4,0,10}}","{{30,6,1,0,10},{30,6,2,0,5},{30,6,4,0,10}}",1,"{{3,5},{4,10},{5,10}}",3,"{{3,5},{4,10},{5,10}}",4,"{{3,5},{4,10},{5,10}}",6,"{{3,5},{4,10},{5,10}}"
111041,"{{100,6,1,0,10},{100,6,2,0,5},{100,6,4,0,10}}","{{30,6,1,0,10},{30,6,2,0,5},{30,6,4,0,10}}",1,"{{3,5},{4,10},{5,10}}",3,"{{3,5},{4,10},{5,10}}",4,"{{3,5},{4,10},{5,10}}",6,"{{3,5},{4,10},{5,10}}"
111042,"{{100,6,1,0,10},{100,6,2,0,5},{100,6,4,0,10}}","{{30,6,1,0,10},{30,6,2,0,5},{30,6,4,0,10}}",1,"{{3,5},{4,10},{5,10}}",3,"{{3,5},{4,10},{5,10}}",4,"{{3,5},{4,10},{5,10}}",6,"{{3,5},{4,10},{5,10}}"
111043,"{{100,6,1,0,10},{100,6,2,0,5},{100,6,4,0,10}}","{{30,6,1,0,10},{30,6,2,0,5},{30,6,4,0,10}}",1,"{{3,5},{4,10},{5,10}}",3,"{{3,5},{4,10},{5,10}}",4,"{{3,5},{4,10},{5,10}}",6,"{{3,5},{4,10},{5,10}}"
111044,"{{100,6,1,0,10},{100,6,2,0,5},{100,6,4,0,10}}","{{30,6,1,0,10},{30,6,2,0,5},{30,6,4,0,10}}",1,"{{3,5},{4,10},{5,10}}",3,"{{3,5},{4,10},{5,10}}",4,"{{3,5},{4,10},{5,10}}",6,"{{3,5},{4,10},{5,10}}"
111045,"{{100,6,1,0,10},{100,6,2,0,5},{100,6,4,0,10}}","{{30,6,1,0,10},{30,6,2,0,5},{30,6,4,0,10}}",1,"{{3,5},{4,10},{5,10}}",3,"{{3,5},{4,10},{5,10}}",4,"{{3,5},{4,10},{5,10}}",6,"{{3,5},{4,10},{5,10}}"
111046,"{{100,6,1,0,10},{100,6,2,0,5},{100,6,4,0,10}}","{{30,6,1,0,10},{30,6,2,0,5},{30,6,4,0,10}}",1,"{{3,5},{4,10},{5,10}}",3,"{{3,5},{4,10},{5,10}}",4,"{{3,5},{4,10},{5,10}}",6,"{{3,5},{4,10},{5,10}}"
111047,"{{100,6,1,0,10},{100,6,2,0,5},{100,6,4,0,10}}","{{30,6,1,0,10},{30,6,2,0,5},{30,6,4,0,10}}",1,"{{3,5},{4,10},{5,10}}",3,"{{3,5},{4,10},{5,10}}",4,"{{3,5},{4,10},{5,10}}",6,"{{3,5},{4,10},{5,10}}"
111048,"{{100,6,1,0,10},{100,6,2,0,5},{100,6,4,0,10}}","{{30,6,1,0,10},{30,6,2,0,5},{30,6,4,0,10}}",1,"{{3,5},{4,10},{5,10}}",3,"{{3,5},{4,10},{5,10}}",4,"{{3,5},{4,10},{5,10}}",6,"{{3,5},{4,10},{5,10}}"
111049,"{{100,6,1,0,10},{100,6,2,0,5},{100,6,4,0,10}}","{{30,6,1,0,10},{30,6,2,0,5},{30,6,4,0,10}}",1,"{{3,5},{4,10},{5,10}}",3,"{{3,5},{4,10},{5,10}}",4,"{{3,5},{4,10},{5,10}}",6,"{{3,5},{4,10},{5,10}}"
111050,"{{100,6,1,0,10},{100,6,2,0,5},{100,6,4,0,10}}","{{30,6,1,0,10},{30,6,2,0,5},{30,6,4,0,10}}",1,"{{3,5},{4,10},{5,10}}",3,"{{3,5},{4,10},{5,10}}",4,"{{3,5},{4,10},{5,10}}",6,"{{3,5},{4,10},{5,10}}"
111051,"{{100,6,1,0,10},{100,6,2,0,5},{100,6,4,0,10}}","{{30,6,1,0,10},{30,6,2,0,5},{30,6,4,0,10}}",1,"{{3,5},{4,10},{5,10}}",3,"{{3,5},{4,10},{5,10}}",4,"{{3,5},{4,10},{5,10}}",6,"{{3,5},{4,10},{5,10}}"
111052,"{{100,6,1,0,10},{100,6,2,0,5},{100,6,4,0,10}}","{{30,6,1,0,10},{30,6,2,0,5},{30,6,4,0,10}}",1,"{{3,5},{4,10},{5,10}}",3,"{{3,5},{4,10},{5,10}}",4,"{{3,5},{4,10},{5,10}}",6,"{{3,5},{4,10},{5,10}}"
111053,"{{100,6,1,0,10},{100,6,2,0,5},{100,6,4,0,10}}","{{30,6,1,0,10},{30,6,2,0,5},{30,6,4,0,10}}",1,"{{3,5},{4,10},{5,10}}",3,"{{3,5},{4,10},{5,10}}",4,"{{3,5},{4,10},{5,10}}",6,"{{3,5},{4,10},{5,10}}"
111054,"{{100,6,1,0,10},{100,6,2,0,5},{100,6,4,0,10}}","{{30,6,1,0,10},{30,6,2,0,5},{30,6,4,0,10}}",1,"{{3,5},{4,10},{5,10}}",3,"{{3,5},{4,10},{5,10}}",4,"{{3,5},{4,10},{5,10}}",6,"{{3,5},{4,10},{5,10}}"
111055,"{{100,6,1,0,10},{100,6,2,0,5},{100,6,4,0,10}}","{{30,6,1,0,10},{30,6,2,0,5},{30,6,4,0,10}}",1,"{{3,5},{4,10},{5,10}}",3,"{{3,5},{4,10},{5,10}}",4,"{{3,5},{4,10},{5,10}}",6,"{{3,5},{4,10},{5,10}}"
111056,"{{100,6,1,0,10},{100,6,2,0,5},{100,6,4,0,10}}","{{30,6,1,0,10},{30,6,2,0,5},{30,6,4,0,10}}",1,"{{3,5},{4,10},{5,10}}",3,"{{3,5},{4,10},{5,10}}",4,"{{3,5},{4,10},{5,10}}",6,"{{3,5},{4,10},{5,10}}"
111057,"{{100,6,1,0,10},{100,6,2,0,5},{100,6,4,0,10}}","{{30,6,1,0,10},{30,6,2,0,5},{30,6,4,0,10}}",1,"{{3,5},{4,10},{5,10}}",3,"{{3,5},{4,10},{5,10}}",4,"{{3,5},{4,10},{5,10}}",6,"{{3,5},{4,10},{5,10}}"
111058,"{{100,6,1,0,10},{100,6,2,0,5},{100,6,4,0,10}}","{{30,6,1,0,10},{30,6,2,0,5},{30,6,4,0,10}}",1,"{{3,5},{4,10},{5,10}}",3,"{{3,5},{4,10},{5,10}}",4,"{{3,5},{4,10},{5,10}}",6,"{{3,5},{4,10},{5,10}}"
111059,"{{100,6,1,0,10},{100,6,2,0,5},{100,6,4,0,10}}","{{30,6,1,0,10},{30,6,2,0,5},{30,6,4,0,10}}",1,"{{3,5},{4,10},{5,10}}",3,"{{3,5},{4,10},{5,10}}",4,"{{3,5},{4,10},{5,10}}",6,"{{3,5},{4,10},{5,10}}"
111060,"{{100,6,1,0,10},{100,6,2,0,5},{100,6,4,0,10}}","{{30,6,1,0,10},{30,6,2,0,5},{30,6,4,0,10}}",1,"{{3,5},{4,10},{5,10}}",3,"{{3,5},{4,10},{5,10}}",4,"{{3,5},{4,10},{5,10}}",6,"{{3,5},{4,10},{5,10}}"
111061,"{{100,6,1,0,10},{100,6,2,0,5},{100,6,4,0,10}}","{{30,6,1,0,10},{30,6,2,0,5},{30,6,4,0,10}}",1,"{{3,5},{4,10},{5,10}}",3,"{{3,5},{4,10},{5,10}}",4,"{{3,5},{4,10},{5,10}}",6,"{{3,5},{4,10},{5,10}}"
111062,"{{100,6,1,0,10},{100,6,2,0,5},{100,6,4,0,10}}","{{30,6,1,0,10},{30,6,2,0,5},{30,6,4,0,10}}",1,"{{3,5},{4,10},{5,10}}",3,"{{3,5},{4,10},{5,10}}",4,"{{3,5},{4,10},{5,10}}",6,"{{3,5},{4,10},{5,10}}"
111063,"{{100,6,1,0,10},{100,6,2,0,5},{100,6,4,0,10}}","{{30,6,1,0,10},{30,6,2,0,5},{30,6,4,0,10}}",1,"{{3,5},{4,10},{5,10}}",3,"{{3,5},{4,10},{5,10}}",4,"{{3,5},{4,10},{5,10}}",6,"{{3,5},{4,10},{5,10}}"
111064,"{{100,6,1,0,10},{100,6,2,0,5},{100,6,4,0,10}}","{{30,6,1,0,10},{30,6,2,0,5},{30,6,4,0,10}}",1,"{{3,5},{4,10},{5,10}}",3,"{{3,5},{4,10},{5,10}}",4,"{{3,5},{4,10},{5,10}}",6,"{{3,5},{4,10},{5,10}}"
111065,"{{100,6,1,0,10},{100,6,2,0,5},{100,6,4,0,10}}","{{30,6,1,0,10},{30,6,2,0,5},{30,6,4,0,10}}",1,"{{3,5},{4,10},{5,10}}",3,"{{3,5},{4,10},{5,10}}",4,"{{3,5},{4,10},{5,10}}",6,"{{3,5},{4,10},{5,10}}"
111066,"{{100,6,1,0,10},{100,6,2,0,5},{100,6,4,0,10}}","{{30,6,1,0,10},{30,6,2,0,5},{30,6,4,0,10}}",1,"{{3,5},{4,10},{5,10}}",3,"{{3,5},{4,10},{5,10}}",4,"{{3,5},{4,10},{5,10}}",6,"{{3,5},{4,10},{5,10}}"
111067,"{{100,6,1,0,10},{100,6,2,0,5},{100,6,4,0,10}}","{{30,6,1,0,10},{30,6,2,0,5},{30,6,4,0,10}}",1,"{{3,5},{4,10},{5,10}}",3,"{{3,5},{4,10},{5,10}}",4,"{{3,5},{4,10},{5,10}}",6,"{{3,5},{4,10},{5,10}}"
111068,"{{100,6,1,0,10},{100,6,2,0,5},{100,6,4,0,10}}","{{30,6,1,0,10},{30,6,2,0,5},{30,6,4,0,10}}",1,"{{3,5},{4,10},{5,10}}",3,"{{3,5},{4,10},{5,10}}",4,"{{3,5},{4,10},{5,10}}",6,"{{3,5},{4,10},{5,10}}"
111069,"{{100,6,1,0,10},{100,6,2,0,5},{100,6,4,0,10}}","{{30,6,1,0,10},{30,6,2,0,5},{30,6,4,0,10}}",1,"{{3,5},{4,10},{5,10}}",3,"{{3,5},{4,10},{5,10}}",4,"{{3,5},{4,10},{5,10}}",6,"{{3,5},{4,10},{5,10}}"
111070,"{{100,6,1,0,10},{100,6,2,0,5},{100,6,4,0,10}}","{{30,6,1,0,10},{30,6,2,0,5},{30,6,4,0,10}}",1,"{{3,5},{4,10},{5,10}}",3,"{{3,5},{4,10},{5,10}}",4,"{{3,5},{4,10},{5,10}}",6,"{{3,5},{4,10},{5,10}}"
111071,"{{100,6,1,0,10},{100,6,2,0,5},{100,6,4,0,10}}","{{30,6,1,0,10},{30,6,2,0,5},{30,6,4,0,10}}",1,"{{3,5},{4,10},{5,10}}",3,"{{3,5},{4,10},{5,10}}",4,"{{3,5},{4,10},{5,10}}",6,"{{3,5},{4,10},{5,10}}"
111072,"{{100,6,1,0,10},{100,6,2,0,5},{100,6,4,0,10}}","{{30,6,1,0,10},{30,6,2,0,5},{30,6,4,0,10}}",1,"{{3,5},{4,10},{5,10}}",3,"{{3,5},{4,10},{5,10}}",4,"{{3,5},{4,10},{5,10}}",6,"{{3,5},{4,10},{5,10}}"
111073,"{{100,6,1,0,10},{100,6,2,0,5},{100,6,4,0,10}}","{{30,6,1,0,10},{30,6,2,0,5},{30,6,4,0,10}}",1,"{{3,5},{4,10},{5,10}}",3,"{{3,5},{4,10},{5,10}}",4,"{{3,5},{4,10},{5,10}}",6,"{{3,5},{4,10},{5,10}}"
111074,"{{100,6,1,0,10},{100,6,2,0,5},{100,6,4,0,10}}","{{30,6,1,0,10},{30,6,2,0,5},{30,6,4,0,10}}",1,"{{3,5},{4,10},{5,10}}",3,"{{3,5},{4,10},{5,10}}",4,"{{3,5},{4,10},{5,10}}",6,"{{3,5},{4,10},{5,10}}"
111075,"{{100,6,1,0,10},{100,6,2,0,5},{100,6,4,0,10}}","{{30,6,1,0,10},{30,6,2,0,5},{30,6,4,0,10}}",1,"{{3,5},{4,10},{5,10}}",3,"{{3,5},{4,10},{5,10}}",4,"{{3,5},{4,10},{5,10}}",6,"{{3,5},{4,10},{5,10}}"
111076,"{{100,6,1,0,10},{100,6,2,0,5},{100,6,4,0,10}}","{{30,6,1,0,10},{30,6,2,0,5},{30,6,4,0,10}}",1,"{{3,5},{4,10},{5,10}}",3,"{{3,5},{4,10},{5,10}}",4,"{{3,5},{4,10},{5,10}}",6,"{{3,5},{4,10},{5,10}}"
111077,"{{100,6,1,0,10},{100,6,2,0,5},{100,6,4,0,10}}","{{30,6,1,0,10},{30,6,2,0,5},{30,6,4,0,10}}",1,"{{3,5},{4,10},{5,10}}",3,"{{3,5},{4,10},{5,10}}",4,"{{3,5},{4,10},{5,10}}",6,"{{3,5},{4,10},{5,10}}"
111078,"{{100,6,1,0,10},{100,6,2,0,5},{100,6,4,0,10}}","{{30,6,1,0,10},{30,6,2,0,5},{30,6,4,0,10}}",1,"{{3,5},{4,10},{5,10}}",3,"{{3,5},{4,10},{5,10}}",4,"{{3,5},{4,10},{5,10}}",6,"{{3,5},{4,10},{5,10}}"
111079,"{{100,6,1,0,10},{100,6,2,0,5},{100,6,4,0,10}}","{{30,6,1,0,10},{30,6,2,0,5},{30,6,4,0,10}}",1,"{{3,5},{4,10},{5,10}}",3,"{{3,5},{4,10},{5,10}}",4,"{{3,5},{4,10},{5,10}}",6,"{{3,5},{4,10},{5,10}}"
111080,"{{100,6,1,0,10},{100,6,2,0,5},{100,6,4,0,10}}","{{30,6,1,0,10},{30,6,2,0,5},{30,6,4,0,10}}",1,"{{3,5},{4,10},{5,10}}",3,"{{3,5},{4,10},{5,10}}",4,"{{3,5},{4,10},{5,10}}",6,"{{3,5},{4,10},{5,10}}"
111081,"{{100,6,1,0,10},{100,6,2,0,5},{100,6,4,0,10}}","{{30,6,1,0,10},{30,6,2,0,5},{30,6,4,0,10}}",1,"{{3,5},{4,10},{5,10}}",3,"{{3,5},{4,10},{5,10}}",4,"{{3,5},{4,10},{5,10}}",6,"{{3,5},{4,10},{5,10}}"
111082,"{{100,6,1,0,10},{100,6,2,0,5},{100,6,4,0,10}}","{{30,6,1,0,10},{30,6,2,0,5},{30,6,4,0,10}}",1,"{{3,5},{4,10},{5,10}}",3,"{{3,5},{4,10},{5,10}}",4,"{{3,5},{4,10},{5,10}}",6,"{{3,5},{4,10},{5,10}}"
111083,"{{100,6,1,0,10},{100,6,2,0,5},{100,6,4,0,10}}","{{30,6,1,0,10},{30,6,2,0,5},{30,6,4,0,10}}",1,"{{3,5},{4,10},{5,10}}",3,"{{3,5},{4,10},{5,10}}",4,"{{3,5},{4,10},{5,10}}",6,"{{3,5},{4,10},{5,10}}"
111084,"{{100,6,1,0,10},{100,6,2,0,5},{100,6,4,0,10}}","{{30,6,1,0,10},{30,6,2,0,5},{30,6,4,0,10}}",1,"{{3,5},{4,10},{5,10}}",3,"{{3,5},{4,10},{5,10}}",4,"{{3,5},{4,10},{5,10}}",6,"{{3,5},{4,10},{5,10}}"
111085,"{{100,6,1,0,10},{100,6,2,0,5},{100,6,4,0,10}}","{{30,6,1,0,10},{30,6,2,0,5},{30,6,4,0,10}}",1,"{{3,5},{4,10},{5,10}}",3,"{{3,5},{4,10},{5,10}}",4,"{{3,5},{4,10},{5,10}}",6,"{{3,5},{4,10},{5,10}}"
111086,"{{100,6,1,0,10},{100,6,2,0,5},{100,6,4,0,10}}","{{30,6,1,0,10},{30,6,2,0,5},{30,6,4,0,10}}",1,"{{3,5},{4,10},{5,10}}",3,"{{3,5},{4,10},{5,10}}",4,"{{3,5},{4,10},{5,10}}",6,"{{3,5},{4,10},{5,10}}"
111087,"{{100,6,1,0,10},{100,6,2,0,5},{100,6,4,0,10}}","{{30,6,1,0,10},{30,6,2,0,5},{30,6,4,0,10}}",1,"{{3,5},{4,10},{5,10}}",3,"{{3,5},{4,10},{5,10}}",4,"{{3,5},{4,10},{5,10}}",6,"{{3,5},{4,10},{5,10}}"
111088,"{{100,6,1,0,10},{100,6,2,0,5},{100,6,4,0,10}}","{{30,6,1,0,10},{30,6,2,0,5},{30,6,4,0,10}}",1,"{{3,5},{4,10},{5,10}}",3,"{{3,5},{4,10},{5,10}}",4,"{{3,5},{4,10},{5,10}}",6,"{{3,5},{4,10},{5,10}}"
111089,"{{100,6,1,0,10},{100,6,2,0,5},{100,6,4,0,10}}","{{30,6,1,0,10},{30,6,2,0,5},{30,6,4,0,10}}",1,"{{3,5},{4,10},{5,10}}",3,"{{3,5},{4,10},{5,10}}",4,"{{3,5},{4,10},{5,10}}",6,"{{3,5},{4,10},{5,10}}"
111090,"{{100,6,1,0,10},{100,6,2,0,5},{100,6,4,0,10}}","{{30,6,1,0,10},{30,6,2,0,5},{30,6,4,0,10}}",1,"{{3,5},{4,10},{5,10}}",3,"{{3,5},{4,10},{5,10}}",4,"{{3,5},{4,10},{5,10}}",6,"{{3,5},{4,10},{5,10}}"
112001,"{{100,6,1,0,10},{100,6,2,0,5},{100,6,4,0,10}}","{{30,6,1,0,10},{30,6,2,0,5},{30,6,4,0,10}}",1,"{{3,5},{4,10},{5,10}}",3,"{{3,5},{4,10},{5,10}}",4,"{{3,5},{4,10},{5,10}}",6,"{{3,5},{4,10},{5,10}}"
112002,"{{100,6,1,0,10},{100,6,2,0,5},{100,6,4,0,10}}","{{30,6,1,0,10},{30,6,2,0,5},{30,6,4,0,10}}",1,"{{3,5},{4,10},{5,10}}",3,"{{3,5},{4,10},{5,10}}",4,"{{3,5},{4,10},{5,10}}",6,"{{3,5},{4,10},{5,10}}"
112003,"{{100,6,1,0,10},{100,6,2,0,5},{100,6,4,0,10}}","{{30,6,1,0,10},{30,6,2,0,5},{30,6,4,0,10}}",1,"{{3,5},{4,10},{5,10}}",3,"{{3,5},{4,10},{5,10}}",4,"{{3,5},{4,10},{5,10}}",6,"{{3,5},{4,10},{5,10}}"
112004,"{{100,6,1,0,10},{100,6,2,0,5},{100,6,4,0,10}}","{{30,6,1,0,10},{30,6,2,0,5},{30,6,4,0,10}}",1,"{{3,5},{4,10},{5,10}}",3,"{{3,5},{4,10},{5,10}}",4,"{{3,5},{4,10},{5,10}}",6,"{{3,5},{4,10},{5,10}}"
112005,"{{100,6,1,0,10},{100,6,2,0,5},{100,6,4,0,10}}","{{30,6,1,0,10},{30,6,2,0,5},{30,6,4,0,10}}",1,"{{3,5},{4,10},{5,10}}",3,"{{3,5},{4,10},{5,10}}",4,"{{3,5},{4,10},{5,10}}",6,"{{3,5},{4,10},{5,10}}"
112006,"{{100,6,1,0,10},{100,6,2,0,5},{100,6,4,0,10}}","{{30,6,1,0,10},{30,6,2,0,5},{30,6,4,0,10}}",1,"{{3,5},{4,10},{5,10}}",3,"{{3,5},{4,10},{5,10}}",4,"{{3,5},{4,10},{5,10}}",6,"{{3,5},{4,10},{5,10}}"
112007,"{{100,6,1,0,10},{100,6,2,0,5},{100,6,4,0,10}}","{{30,6,1,0,10},{30,6,2,0,5},{30,6,4,0,10}}",1,"{{3,5},{4,10},{5,10}}",3,"{{3,5},{4,10},{5,10}}",4,"{{3,5},{4,10},{5,10}}",6,"{{3,5},{4,10},{5,10}}"
112008,"{{100,6,1,0,10},{100,6,2,0,5},{100,6,4,0,10}}","{{30,6,1,0,10},{30,6,2,0,5},{30,6,4,0,10}}",1,"{{3,5},{4,10},{5,10}}",3,"{{3,5},{4,10},{5,10}}",4,"{{3,5},{4,10},{5,10}}",6,"{{3,5},{4,10},{5,10}}"
112009,"{{100,6,1,0,10},{100,6,2,0,5},{100,6,4,0,10}}","{{30,6,1,0,10},{30,6,2,0,5},{30,6,4,0,10}}",1,"{{3,5},{4,10},{5,10}}",3,"{{3,5},{4,10},{5,10}}",4,"{{3,5},{4,10},{5,10}}",6,"{{3,5},{4,10},{5,10}}"
112010,"{{100,6,1,0,10},{100,6,2,0,5},{100,6,4,0,10}}","{{30,6,1,0,10},{30,6,2,0,5},{30,6,4,0,10}}",1,"{{3,5},{4,10},{5,10}}",3,"{{3,5},{4,10},{5,10}}",4,"{{3,5},{4,10},{5,10}}",6,"{{3,5},{4,10},{5,10}}"
112011,"{{100,6,1,0,10},{100,6,2,0,5},{100,6,4,0,10}}","{{30,6,1,0,10},{30,6,2,0,5},{30,6,4,0,10}}",1,"{{3,5},{4,10},{5,10}}",3,"{{3,5},{4,10},{5,10}}",4,"{{3,5},{4,10},{5,10}}",6,"{{3,5},{4,10},{5,10}}"
112012,"{{100,6,1,0,10},{100,6,2,0,5},{100,6,4,0,10}}","{{30,6,1,0,10},{30,6,2,0,5},{30,6,4,0,10}}",1,"{{3,5},{4,10},{5,10}}",3,"{{3,5},{4,10},{5,10}}",4,"{{3,5},{4,10},{5,10}}",6,"{{3,5},{4,10},{5,10}}"
112013,"{{100,6,1,0,10},{100,6,2,0,5},{100,6,4,0,10}}","{{30,6,1,0,10},{30,6,2,0,5},{30,6,4,0,10}}",1,"{{3,5},{4,10},{5,10}}",3,"{{3,5},{4,10},{5,10}}",4,"{{3,5},{4,10},{5,10}}",6,"{{3,5},{4,10},{5,10}}"
112014,"{{100,6,1,0,10},{100,6,2,0,5},{100,6,4,0,10}}","{{30,6,1,0,10},{30,6,2,0,5},{30,6,4,0,10}}",1,"{{3,5},{4,10},{5,10}}",3,"{{3,5},{4,10},{5,10}}",4,"{{3,5},{4,10},{5,10}}",6,"{{3,5},{4,10},{5,10}}"
112015,"{{100,6,1,0,10},{100,6,2,0,5},{100,6,4,0,10}}","{{30,6,1,0,10},{30,6,2,0,5},{30,6,4,0,10}}",1,"{{3,5},{4,10},{5,10}}",3,"{{3,5},{4,10},{5,10}}",4,"{{3,5},{4,10},{5,10}}",6,"{{3,5},{4,10},{5,10}}"
112016,"{{100,6,1,0,10},{100,6,2,0,5},{100,6,4,0,10}}","{{30,6,1,0,10},{30,6,2,0,5},{30,6,4,0,10}}",1,"{{3,5},{4,10},{5,10}}",3,"{{3,5},{4,10},{5,10}}",4,"{{3,5},{4,10},{5,10}}",6,"{{3,5},{4,10},{5,10}}"
112017,"{{100,6,1,0,10},{100,6,2,0,5},{100,6,4,0,10}}","{{30,6,1,0,10},{30,6,2,0,5},{30,6,4,0,10}}",1,"{{3,5},{4,10},{5,10}}",3,"{{3,5},{4,10},{5,10}}",4,"{{3,5},{4,10},{5,10}}",6,"{{3,5},{4,10},{5,10}}"
112018,"{{100,6,1,0,10},{100,6,2,0,5},{100,6,4,0,10}}","{{30,6,1,0,10},{30,6,2,0,5},{30,6,4,0,10}}",1,"{{3,5},{4,10},{5,10}}",3,"{{3,5},{4,10},{5,10}}",4,"{{3,5},{4,10},{5,10}}",6,"{{3,5},{4,10},{5,10}}"
112019,"{{100,6,1,0,10},{100,6,2,0,5},{100,6,4,0,10}}","{{30,6,1,0,10},{30,6,2,0,5},{30,6,4,0,10}}",1,"{{3,5},{4,10},{5,10}}",3,"{{3,5},{4,10},{5,10}}",4,"{{3,5},{4,10},{5,10}}",6,"{{3,5},{4,10},{5,10}}"
112020,"{{100,6,1,0,10},{100,6,2,0,5},{100,6,4,0,10}}","{{30,6,1,0,10},{30,6,2,0,5},{30,6,4,0,10}}",1,"{{3,5},{4,10},{5,10}}",3,"{{3,5},{4,10},{5,10}}",4,"{{3,5},{4,10},{5,10}}",6,"{{3,5},{4,10},{5,10}}"
112021,"{{100,6,1,0,10},{100,6,2,0,5},{100,6,4,0,10}}","{{30,6,1,0,10},{30,6,2,0,5},{30,6,4,0,10}}",1,"{{3,5},{4,10},{5,10}}",3,"{{3,5},{4,10},{5,10}}",4,"{{3,5},{4,10},{5,10}}",6,"{{3,5},{4,10},{5,10}}"
112022,"{{100,6,1,0,10},{100,6,2,0,5},{100,6,4,0,10}}","{{30,6,1,0,10},{30,6,2,0,5},{30,6,4,0,10}}",1,"{{3,5},{4,10},{5,10}}",3,"{{3,5},{4,10},{5,10}}",4,"{{3,5},{4,10},{5,10}}",6,"{{3,5},{4,10},{5,10}}"
112023,"{{100,6,1,0,10},{100,6,2,0,5},{100,6,4,0,10}}","{{30,6,1,0,10},{30,6,2,0,5},{30,6,4,0,10}}",1,"{{3,5},{4,10},{5,10}}",3,"{{3,5},{4,10},{5,10}}",4,"{{3,5},{4,10},{5,10}}",6,"{{3,5},{4,10},{5,10}}"
112024,"{{100,6,1,0,10},{100,6,2,0,5},{100,6,4,0,10}}","{{30,6,1,0,10},{30,6,2,0,5},{30,6,4,0,10}}",1,"{{3,5},{4,10},{5,10}}",3,"{{3,5},{4,10},{5,10}}",4,"{{3,5},{4,10},{5,10}}",6,"{{3,5},{4,10},{5,10}}"
112025,"{{100,6,1,0,10},{100,6,2,0,5},{100,6,4,0,10}}","{{30,6,1,0,10},{30,6,2,0,5},{30,6,4,0,10}}",1,"{{3,5},{4,10},{5,10}}",3,"{{3,5},{4,10},{5,10}}",4,"{{3,5},{4,10},{5,10}}",6,"{{3,5},{4,10},{5,10}}"
112026,"{{100,6,1,0,10},{100,6,2,0,5},{100,6,4,0,10}}","{{30,6,1,0,10},{30,6,2,0,5},{30,6,4,0,10}}",1,"{{3,5},{4,10},{5,10}}",3,"{{3,5},{4,10},{5,10}}",4,"{{3,5},{4,10},{5,10}}",6,"{{3,5},{4,10},{5,10}}"
112027,"{{100,6,1,0,10},{100,6,2,0,5},{100,6,4,0,10}}","{{30,6,1,0,10},{30,6,2,0,5},{30,6,4,0,10}}",1,"{{3,5},{4,10},{5,10}}",3,"{{3,5},{4,10},{5,10}}",4,"{{3,5},{4,10},{5,10}}",6,"{{3,5},{4,10},{5,10}}"
112028,"{{100,6,1,0,10},{100,6,2,0,5},{100,6,4,0,10}}","{{30,6,1,0,10},{30,6,2,0,5},{30,6,4,0,10}}",1,"{{3,5},{4,10},{5,10}}",3,"{{3,5},{4,10},{5,10}}",4,"{{3,5},{4,10},{5,10}}",6,"{{3,5},{4,10},{5,10}}"
112029,"{{100,6,1,0,10},{100,6,2,0,5},{100,6,4,0,10}}","{{30,6,1,0,10},{30,6,2,0,5},{30,6,4,0,10}}",1,"{{3,5},{4,10},{5,10}}",3,"{{3,5},{4,10},{5,10}}",4,"{{3,5},{4,10},{5,10}}",6,"{{3,5},{4,10},{5,10}}"
112030,"{{100,6,1,0,10},{100,6,2,0,5},{100,6,4,0,10}}","{{30,6,1,0,10},{30,6,2,0,5},{30,6,4,0,10}}",1,"{{3,5},{4,10},{5,10}}",3,"{{3,5},{4,10},{5,10}}",4,"{{3,5},{4,10},{5,10}}",6,"{{3,5},{4,10},{5,10}}"
112031,"{{100,6,1,0,10},{100,6,2,0,5},{100,6,4,0,10}}","{{30,6,1,0,10},{30,6,2,0,5},{30,6,4,0,10}}",1,"{{3,5},{4,10},{5,10}}",3,"{{3,5},{4,10},{5,10}}",4,"{{3,5},{4,10},{5,10}}",6,"{{3,5},{4,10},{5,10}}"
112032,"{{100,6,1,0,10},{100,6,2,0,5},{100,6,4,0,10}}","{{30,6,1,0,10},{30,6,2,0,5},{30,6,4,0,10}}",1,"{{3,5},{4,10},{5,10}}",3,"{{3,5},{4,10},{5,10}}",4,"{{3,5},{4,10},{5,10}}",6,"{{3,5},{4,10},{5,10}}"
112033,"{{100,6,1,0,10},{100,6,2,0,5},{100,6,4,0,10}}","{{30,6,1,0,10},{30,6,2,0,5},{30,6,4,0,10}}",1,"{{3,5},{4,10},{5,10}}",3,"{{3,5},{4,10},{5,10}}",4,"{{3,5},{4,10},{5,10}}",6,"{{3,5},{4,10},{5,10}}"
112034,"{{100,6,1,0,10},{100,6,2,0,5},{100,6,4,0,10}}","{{30,6,1,0,10},{30,6,2,0,5},{30,6,4,0,10}}",1,"{{3,5},{4,10},{5,10}}",3,"{{3,5},{4,10},{5,10}}",4,"{{3,5},{4,10},{5,10}}",6,"{{3,5},{4,10},{5,10}}"
112035,"{{100,6,1,0,10},{100,6,2,0,5},{100,6,4,0,10}}","{{30,6,1,0,10},{30,6,2,0,5},{30,6,4,0,10}}",1,"{{3,5},{4,10},{5,10}}",3,"{{3,5},{4,10},{5,10}}",4,"{{3,5},{4,10},{5,10}}",6,"{{3,5},{4,10},{5,10}}"
112036,"{{100,6,1,0,10},{100,6,2,0,5},{100,6,4,0,10}}","{{30,6,1,0,10},{30,6,2,0,5},{30,6,4,0,10}}",1,"{{3,5},{4,10},{5,10}}",3,"{{3,5},{4,10},{5,10}}",4,"{{3,5},{4,10},{5,10}}",6,"{{3,5},{4,10},{5,10}}"
112037,"{{100,6,1,0,10},{100,6,2,0,5},{100,6,4,0,10}}","{{30,6,1,0,10},{30,6,2,0,5},{30,6,4,0,10}}",1,"{{3,5},{4,10},{5,10}}",3,"{{3,5},{4,10},{5,10}}",4,"{{3,5},{4,10},{5,10}}",6,"{{3,5},{4,10},{5,10}}"
112038,"{{100,6,1,0,10},{100,6,2,0,5},{100,6,4,0,10}}","{{30,6,1,0,10},{30,6,2,0,5},{30,6,4,0,10}}",1,"{{3,5},{4,10},{5,10}}",3,"{{3,5},{4,10},{5,10}}",4,"{{3,5},{4,10},{5,10}}",6,"{{3,5},{4,10},{5,10}}"
112039,"{{100,6,1,0,10},{100,6,2,0,5},{100,6,4,0,10}}","{{30,6,1,0,10},{30,6,2,0,5},{30,6,4,0,10}}",1,"{{3,5},{4,10},{5,10}}",3,"{{3,5},{4,10},{5,10}}",4,"{{3,5},{4,10},{5,10}}",6,"{{3,5},{4,10},{5,10}}"
112040,"{{100,6,1,0,10},{100,6,2,0,5},{100,6,4,0,10}}","{{30,6,1,0,10},{30,6,2,0,5},{30,6,4,0,10}}",1,"{{3,5},{4,10},{5,10}}",3,"{{3,5},{4,10},{5,10}}",4,"{{3,5},{4,10},{5,10}}",6,"{{3,5},{4,10},{5,10}}"
112041,"{{100,6,1,0,10},{100,6,2,0,5},{100,6,4,0,10}}","{{30,6,1,0,10},{30,6,2,0,5},{30,6,4,0,10}}",1,"{{3,5},{4,10},{5,10}}",3,"{{3,5},{4,10},{5,10}}",4,"{{3,5},{4,10},{5,10}}",6,"{{3,5},{4,10},{5,10}}"
112042,"{{100,6,1,0,10},{100,6,2,0,5},{100,6,4,0,10}}","{{30,6,1,0,10},{30,6,2,0,5},{30,6,4,0,10}}",1,"{{3,5},{4,10},{5,10}}",3,"{{3,5},{4,10},{5,10}}",4,"{{3,5},{4,10},{5,10}}",6,"{{3,5},{4,10},{5,10}}"
112043,"{{100,6,1,0,10},{100,6,2,0,5},{100,6,4,0,10}}","{{30,6,1,0,10},{30,6,2,0,5},{30,6,4,0,10}}",1,"{{3,5},{4,10},{5,10}}",3,"{{3,5},{4,10},{5,10}}",4,"{{3,5},{4,10},{5,10}}",6,"{{3,5},{4,10},{5,10}}"
112044,"{{100,6,1,0,10},{100,6,2,0,5},{100,6,4,0,10}}","{{30,6,1,0,10},{30,6,2,0,5},{30,6,4,0,10}}",1,"{{3,5},{4,10},{5,10}}",3,"{{3,5},{4,10},{5,10}}",4,"{{3,5},{4,10},{5,10}}",6,"{{3,5},{4,10},{5,10}}"
112045,"{{100,6,1,0,10},{100,6,2,0,5},{100,6,4,0,10}}","{{30,6,1,0,10},{30,6,2,0,5},{30,6,4,0,10}}",1,"{{3,5},{4,10},{5,10}}",3,"{{3,5},{4,10},{5,10}}",4,"{{3,5},{4,10},{5,10}}",6,"{{3,5},{4,10},{5,10}}"
112046,"{{100,6,1,0,10},{100,6,2,0,5},{100,6,4,0,10}}","{{30,6,1,0,10},{30,6,2,0,5},{30,6,4,0,10}}",1,"{{3,5},{4,10},{5,10}}",3,"{{3,5},{4,10},{5,10}}",4,"{{3,5},{4,10},{5,10}}",6,"{{3,5},{4,10},{5,10}}"
112047,"{{100,6,1,0,10},{100,6,2,0,5},{100,6,4,0,10}}","{{30,6,1,0,10},{30,6,2,0,5},{30,6,4,0,10}}",1,"{{3,5},{4,10},{5,10}}",3,"{{3,5},{4,10},{5,10}}",4,"{{3,5},{4,10},{5,10}}",6,"{{3,5},{4,10},{5,10}}"
112048,"{{100,6,1,0,10},{100,6,2,0,5},{100,6,4,0,10}}","{{30,6,1,0,10},{30,6,2,0,5},{30,6,4,0,10}}",1,"{{3,5},{4,10},{5,10}}",3,"{{3,5},{4,10},{5,10}}",4,"{{3,5},{4,10},{5,10}}",6,"{{3,5},{4,10},{5,10}}"
112049,"{{100,6,1,0,10},{100,6,2,0,5},{100,6,4,0,10}}","{{30,6,1,0,10},{30,6,2,0,5},{30,6,4,0,10}}",1,"{{3,5},{4,10},{5,10}}",3,"{{3,5},{4,10},{5,10}}",4,"{{3,5},{4,10},{5,10}}",6,"{{3,5},{4,10},{5,10}}"
112050,"{{100,6,1,0,10},{100,6,2,0,5},{100,6,4,0,10}}","{{30,6,1,0,10},{30,6,2,0,5},{30,6,4,0,10}}",1,"{{3,5},{4,10},{5,10}}",3,"{{3,5},{4,10},{5,10}}",4,"{{3,5},{4,10},{5,10}}",6,"{{3,5},{4,10},{5,10}}"
112051,"{{100,6,1,0,10},{100,6,2,0,5},{100,6,4,0,10}}","{{30,6,1,0,10},{30,6,2,0,5},{30,6,4,0,10}}",1,"{{3,5},{4,10},{5,10}}",3,"{{3,5},{4,10},{5,10}}",4,"{{3,5},{4,10},{5,10}}",6,"{{3,5},{4,10},{5,10}}"
112052,"{{100,6,1,0,10},{100,6,2,0,5},{100,6,4,0,10}}","{{30,6,1,0,10},{30,6,2,0,5},{30,6,4,0,10}}",1,"{{3,5},{4,10},{5,10}}",3,"{{3,5},{4,10},{5,10}}",4,"{{3,5},{4,10},{5,10}}",6,"{{3,5},{4,10},{5,10}}"
112053,"{{100,6,1,0,10},{100,6,2,0,5},{100,6,4,0,10}}","{{30,6,1,0,10},{30,6,2,0,5},{30,6,4,0,10}}",1,"{{3,5},{4,10},{5,10}}",3,"{{3,5},{4,10},{5,10}}",4,"{{3,5},{4,10},{5,10}}",6,"{{3,5},{4,10},{5,10}}"
112054,"{{100,6,1,0,10},{100,6,2,0,5},{100,6,4,0,10}}","{{30,6,1,0,10},{30,6,2,0,5},{30,6,4,0,10}}",1,"{{3,5},{4,10},{5,10}}",3,"{{3,5},{4,10},{5,10}}",4,"{{3,5},{4,10},{5,10}}",6,"{{3,5},{4,10},{5,10}}"
112055,"{{100,6,1,0,10},{100,6,2,0,5},{100,6,4,0,10}}","{{30,6,1,0,10},{30,6,2,0,5},{30,6,4,0,10}}",1,"{{3,5},{4,10},{5,10}}",3,"{{3,5},{4,10},{5,10}}",4,"{{3,5},{4,10},{5,10}}",6,"{{3,5},{4,10},{5,10}}"
112056,"{{100,6,1,0,10},{100,6,2,0,5},{100,6,4,0,10}}","{{30,6,1,0,10},{30,6,2,0,5},{30,6,4,0,10}}",1,"{{3,5},{4,10},{5,10}}",3,"{{3,5},{4,10},{5,10}}",4,"{{3,5},{4,10},{5,10}}",6,"{{3,5},{4,10},{5,10}}"
112057,"{{100,6,1,0,10},{100,6,2,0,5},{100,6,4,0,10}}","{{30,6,1,0,10},{30,6,2,0,5},{30,6,4,0,10}}",1,"{{3,5},{4,10},{5,10}}",3,"{{3,5},{4,10},{5,10}}",4,"{{3,5},{4,10},{5,10}}",6,"{{3,5},{4,10},{5,10}}"
112058,"{{100,6,1,0,10},{100,6,2,0,5},{100,6,4,0,10}}","{{30,6,1,0,10},{30,6,2,0,5},{30,6,4,0,10}}",1,"{{3,5},{4,10},{5,10}}",3,"{{3,5},{4,10},{5,10}}",4,"{{3,5},{4,10},{5,10}}",6,"{{3,5},{4,10},{5,10}}"
112059,"{{100,6,1,0,10},{100,6,2,0,5},{100,6,4,0,10}}","{{30,6,1,0,10},{30,6,2,0,5},{30,6,4,0,10}}",1,"{{3,5},{4,10},{5,10}}",3,"{{3,5},{4,10},{5,10}}",4,"{{3,5},{4,10},{5,10}}",6,"{{3,5},{4,10},{5,10}}"
112060,"{{100,6,1,0,10},{100,6,2,0,5},{100,6,4,0,10}}","{{30,6,1,0,10},{30,6,2,0,5},{30,6,4,0,10}}",1,"{{3,5},{4,10},{5,10}}",3,"{{3,5},{4,10},{5,10}}",4,"{{3,5},{4,10},{5,10}}",6,"{{3,5},{4,10},{5,10}}"
112061,"{{100,6,1,0,10},{100,6,2,0,5},{100,6,4,0,10}}","{{30,6,1,0,10},{30,6,2,0,5},{30,6,4,0,10}}",1,"{{3,5},{4,10},{5,10}}",3,"{{3,5},{4,10},{5,10}}",4,"{{3,5},{4,10},{5,10}}",6,"{{3,5},{4,10},{5,10}}"
112062,"{{100,6,1,0,10},{100,6,2,0,5},{100,6,4,0,10}}","{{30,6,1,0,10},{30,6,2,0,5},{30,6,4,0,10}}",1,"{{3,5},{4,10},{5,10}}",3,"{{3,5},{4,10},{5,10}}",4,"{{3,5},{4,10},{5,10}}",6,"{{3,5},{4,10},{5,10}}"
112063,"{{100,6,1,0,10},{100,6,2,0,5},{100,6,4,0,10}}","{{30,6,1,0,10},{30,6,2,0,5},{30,6,4,0,10}}",1,"{{3,5},{4,10},{5,10}}",3,"{{3,5},{4,10},{5,10}}",4,"{{3,5},{4,10},{5,10}}",6,"{{3,5},{4,10},{5,10}}"
112064,"{{100,6,1,0,10},{100,6,2,0,5},{100,6,4,0,10}}","{{30,6,1,0,10},{30,6,2,0,5},{30,6,4,0,10}}",1,"{{3,5},{4,10},{5,10}}",3,"{{3,5},{4,10},{5,10}}",4,"{{3,5},{4,10},{5,10}}",6,"{{3,5},{4,10},{5,10}}"
112065,"{{100,6,1,0,10},{100,6,2,0,5},{100,6,4,0,10}}","{{30,6,1,0,10},{30,6,2,0,5},{30,6,4,0,10}}",1,"{{3,5},{4,10},{5,10}}",3,"{{3,5},{4,10},{5,10}}",4,"{{3,5},{4,10},{5,10}}",6,"{{3,5},{4,10},{5,10}}"
112066,"{{100,6,1,0,10},{100,6,2,0,5},{100,6,4,0,10}}","{{30,6,1,0,10},{30,6,2,0,5},{30,6,4,0,10}}",1,"{{3,5},{4,10},{5,10}}",3,"{{3,5},{4,10},{5,10}}",4,"{{3,5},{4,10},{5,10}}",6,"{{3,5},{4,10},{5,10}}"
112067,"{{100,6,1,0,10},{100,6,2,0,5},{100,6,4,0,10}}","{{30,6,1,0,10},{30,6,2,0,5},{30,6,4,0,10}}",1,"{{3,5},{4,10},{5,10}}",3,"{{3,5},{4,10},{5,10}}",4,"{{3,5},{4,10},{5,10}}",6,"{{3,5},{4,10},{5,10}}"
112068,"{{100,6,1,0,10},{100,6,2,0,5},{100,6,4,0,10}}","{{30,6,1,0,10},{30,6,2,0,5},{30,6,4,0,10}}",1,"{{3,5},{4,10},{5,10}}",3,"{{3,5},{4,10},{5,10}}",4,"{{3,5},{4,10},{5,10}}",6,"{{3,5},{4,10},{5,10}}"
112069,"{{100,6,1,0,10},{100,6,2,0,5},{100,6,4,0,10}}","{{30,6,1,0,10},{30,6,2,0,5},{30,6,4,0,10}}",1,"{{3,5},{4,10},{5,10}}",3,"{{3,5},{4,10},{5,10}}",4,"{{3,5},{4,10},{5,10}}",6,"{{3,5},{4,10},{5,10}}"
112070,"{{100,6,1,0,10},{100,6,2,0,5},{100,6,4,0,10}}","{{30,6,1,0,10},{30,6,2,0,5},{30,6,4,0,10}}",1,"{{3,5},{4,10},{5,10}}",3,"{{3,5},{4,10},{5,10}}",4,"{{3,5},{4,10},{5,10}}",6,"{{3,5},{4,10},{5,10}}"
112071,"{{100,6,1,0,10},{100,6,2,0,5},{100,6,4,0,10}}","{{30,6,1,0,10},{30,6,2,0,5},{30,6,4,0,10}}",1,"{{3,5},{4,10},{5,10}}",3,"{{3,5},{4,10},{5,10}}",4,"{{3,5},{4,10},{5,10}}",6,"{{3,5},{4,10},{5,10}}"
112072,"{{100,6,1,0,10},{100,6,2,0,5},{100,6,4,0,10}}","{{30,6,1,0,10},{30,6,2,0,5},{30,6,4,0,10}}",1,"{{3,5},{4,10},{5,10}}",3,"{{3,5},{4,10},{5,10}}",4,"{{3,5},{4,10},{5,10}}",6,"{{3,5},{4,10},{5,10}}"
112073,"{{100,6,1,0,10},{100,6,2,0,5},{100,6,4,0,10}}","{{30,6,1,0,10},{30,6,2,0,5},{30,6,4,0,10}}",1,"{{3,5},{4,10},{5,10}}",3,"{{3,5},{4,10},{5,10}}",4,"{{3,5},{4,10},{5,10}}",6,"{{3,5},{4,10},{5,10}}"
112074,"{{100,6,1,0,10},{100,6,2,0,5},{100,6,4,0,10}}","{{30,6,1,0,10},{30,6,2,0,5},{30,6,4,0,10}}",1,"{{3,5},{4,10},{5,10}}",3,"{{3,5},{4,10},{5,10}}",4,"{{3,5},{4,10},{5,10}}",6,"{{3,5},{4,10},{5,10}}"
112075,"{{100,6,1,0,10},{100,6,2,0,5},{100,6,4,0,10}}","{{30,6,1,0,10},{30,6,2,0,5},{30,6,4,0,10}}",1,"{{3,5},{4,10},{5,10}}",3,"{{3,5},{4,10},{5,10}}",4,"{{3,5},{4,10},{5,10}}",6,"{{3,5},{4,10},{5,10}}"
112076,"{{100,6,1,0,10},{100,6,2,0,5},{100,6,4,0,10}}","{{30,6,1,0,10},{30,6,2,0,5},{30,6,4,0,10}}",1,"{{3,5},{4,10},{5,10}}",3,"{{3,5},{4,10},{5,10}}",4,"{{3,5},{4,10},{5,10}}",6,"{{3,5},{4,10},{5,10}}"
112077,"{{100,6,1,0,10},{100,6,2,0,5},{100,6,4,0,10}}","{{30,6,1,0,10},{30,6,2,0,5},{30,6,4,0,10}}",1,"{{3,5},{4,10},{5,10}}",3,"{{3,5},{4,10},{5,10}}",4,"{{3,5},{4,10},{5,10}}",6,"{{3,5},{4,10},{5,10}}"
112078,"{{100,6,1,0,10},{100,6,2,0,5},{100,6,4,0,10}}","{{30,6,1,0,10},{30,6,2,0,5},{30,6,4,0,10}}",1,"{{3,5},{4,10},{5,10}}",3,"{{3,5},{4,10},{5,10}}",4,"{{3,5},{4,10},{5,10}}",6,"{{3,5},{4,10},{5,10}}"
112079,"{{100,6,1,0,10},{100,6,2,0,5},{100,6,4,0,10}}","{{30,6,1,0,10},{30,6,2,0,5},{30,6,4,0,10}}",1,"{{3,5},{4,10},{5,10}}",3,"{{3,5},{4,10},{5,10}}",4,"{{3,5},{4,10},{5,10}}",6,"{{3,5},{4,10},{5,10}}"
112080,"{{100,6,1,0,10},{100,6,2,0,5},{100,6,4,0,10}}","{{30,6,1,0,10},{30,6,2,0,5},{30,6,4,0,10}}",1,"{{3,5},{4,10},{5,10}}",3,"{{3,5},{4,10},{5,10}}",4,"{{3,5},{4,10},{5,10}}",6,"{{3,5},{4,10},{5,10}}"
112081,"{{100,6,1,0,10},{100,6,2,0,5},{100,6,4,0,10}}","{{30,6,1,0,10},{30,6,2,0,5},{30,6,4,0,10}}",1,"{{3,5},{4,10},{5,10}}",3,"{{3,5},{4,10},{5,10}}",4,"{{3,5},{4,10},{5,10}}",6,"{{3,5},{4,10},{5,10}}"
112082,"{{100,6,1,0,10},{100,6,2,0,5},{100,6,4,0,10}}","{{30,6,1,0,10},{30,6,2,0,5},{30,6,4,0,10}}",1,"{{3,5},{4,10},{5,10}}",3,"{{3,5},{4,10},{5,10}}",4,"{{3,5},{4,10},{5,10}}",6,"{{3,5},{4,10},{5,10}}"
112083,"{{100,6,1,0,10},{100,6,2,0,5},{100,6,4,0,10}}","{{30,6,1,0,10},{30,6,2,0,5},{30,6,4,0,10}}",1,"{{3,5},{4,10},{5,10}}",3,"{{3,5},{4,10},{5,10}}",4,"{{3,5},{4,10},{5,10}}",6,"{{3,5},{4,10},{5,10}}"
112084,"{{100,6,1,0,10},{100,6,2,0,5},{100,6,4,0,10}}","{{30,6,1,0,10},{30,6,2,0,5},{30,6,4,0,10}}",1,"{{3,5},{4,10},{5,10}}",3,"{{3,5},{4,10},{5,10}}",4,"{{3,5},{4,10},{5,10}}",6,"{{3,5},{4,10},{5,10}}"
112085,"{{100,6,1,0,10},{100,6,2,0,5},{100,6,4,0,10}}","{{30,6,1,0,10},{30,6,2,0,5},{30,6,4,0,10}}",1,"{{3,5},{4,10},{5,10}}",3,"{{3,5},{4,10},{5,10}}",4,"{{3,5},{4,10},{5,10}}",6,"{{3,5},{4,10},{5,10}}"
112086,"{{100,6,1,0,10},{100,6,2,0,5},{100,6,4,0,10}}","{{30,6,1,0,10},{30,6,2,0,5},{30,6,4,0,10}}",1,"{{3,5},{4,10},{5,10}}",3,"{{3,5},{4,10},{5,10}}",4,"{{3,5},{4,10},{5,10}}",6,"{{3,5},{4,10},{5,10}}"
112087,"{{100,6,1,0,10},{100,6,2,0,5},{100,6,4,0,10}}","{{30,6,1,0,10},{30,6,2,0,5},{30,6,4,0,10}}",1,"{{3,5},{4,10},{5,10}}",3,"{{3,5},{4,10},{5,10}}",4,"{{3,5},{4,10},{5,10}}",6,"{{3,5},{4,10},{5,10}}"
112088,"{{100,6,1,0,10},{100,6,2,0,5},{100,6,4,0,10}}","{{30,6,1,0,10},{30,6,2,0,5},{30,6,4,0,10}}",1,"{{3,5},{4,10},{5,10}}",3,"{{3,5},{4,10},{5,10}}",4,"{{3,5},{4,10},{5,10}}",6,"{{3,5},{4,10},{5,10}}"
112089,"{{100,6,1,0,10},{100,6,2,0,5},{100,6,4,0,10}}","{{30,6,1,0,10},{30,6,2,0,5},{30,6,4,0,10}}",1,"{{3,5},{4,10},{5,10}}",3,"{{3,5},{4,10},{5,10}}",4,"{{3,5},{4,10},{5,10}}",6,"{{3,5},{4,10},{5,10}}"
112090,"{{100,6,1,0,10},{100,6,2,0,5},{100,6,4,0,10}}","{{30,6,1,0,10},{30,6,2,0,5},{30,6,4,0,10}}",1,"{{3,5},{4,10},{5,10}}",3,"{{3,5},{4,10},{5,10}}",4,"{{3,5},{4,10},{5,10}}",6,"{{3,5},{4,10},{5,10}}"
113001,"{{100,6,1,0,10},{100,6,2,0,5},{100,6,4,0,10}}","{{30,6,1,0,10},{30,6,2,0,5},{30,6,4,0,10}}",1,"{{3,5},{4,10},{5,10}}",3,"{{3,5},{4,10},{5,10}}",4,"{{3,5},{4,10},{5,10}}",6,"{{3,5},{4,10},{5,10}}"
113002,"{{100,6,1,0,10},{100,6,2,0,5},{100,6,4,0,10}}","{{30,6,1,0,10},{30,6,2,0,5},{30,6,4,0,10}}",1,"{{3,5},{4,10},{5,10}}",3,"{{3,5},{4,10},{5,10}}",4,"{{3,5},{4,10},{5,10}}",6,"{{3,5},{4,10},{5,10}}"
113003,"{{100,6,1,0,10},{100,6,2,0,5},{100,6,4,0,10}}","{{30,6,1,0,10},{30,6,2,0,5},{30,6,4,0,10}}",1,"{{3,5},{4,10},{5,10}}",3,"{{3,5},{4,10},{5,10}}",4,"{{3,5},{4,10},{5,10}}",6,"{{3,5},{4,10},{5,10}}"
113004,"{{100,6,1,0,10},{100,6,2,0,5},{100,6,4,0,10}}","{{30,6,1,0,10},{30,6,2,0,5},{30,6,4,0,10}}",1,"{{3,5},{4,10},{5,10}}",3,"{{3,5},{4,10},{5,10}}",4,"{{3,5},{4,10},{5,10}}",6,"{{3,5},{4,10},{5,10}}"
113005,"{{100,6,1,0,10},{100,6,2,0,5},{100,6,4,0,10}}","{{30,6,1,0,10},{30,6,2,0,5},{30,6,4,0,10}}",1,"{{3,5},{4,10},{5,10}}",3,"{{3,5},{4,10},{5,10}}",4,"{{3,5},{4,10},{5,10}}",6,"{{3,5},{4,10},{5,10}}"
113006,"{{100,6,1,0,10},{100,6,2,0,5},{100,6,4,0,10}}","{{30,6,1,0,10},{30,6,2,0,5},{30,6,4,0,10}}",1,"{{3,5},{4,10},{5,10}}",3,"{{3,5},{4,10},{5,10}}",4,"{{3,5},{4,10},{5,10}}",6,"{{3,5},{4,10},{5,10}}"
113007,"{{100,6,1,0,10},{100,6,2,0,5},{100,6,4,0,10}}","{{30,6,1,0,10},{30,6,2,0,5},{30,6,4,0,10}}",1,"{{3,5},{4,10},{5,10}}",3,"{{3,5},{4,10},{5,10}}",4,"{{3,5},{4,10},{5,10}}",6,"{{3,5},{4,10},{5,10}}"
113008,"{{100,6,1,0,10},{100,6,2,0,5},{100,6,4,0,10}}","{{30,6,1,0,10},{30,6,2,0,5},{30,6,4,0,10}}",1,"{{3,5},{4,10},{5,10}}",3,"{{3,5},{4,10},{5,10}}",4,"{{3,5},{4,10},{5,10}}",6,"{{3,5},{4,10},{5,10}}"
113009,"{{100,6,1,0,10},{100,6,2,0,5},{100,6,4,0,10}}","{{30,6,1,0,10},{30,6,2,0,5},{30,6,4,0,10}}",1,"{{3,5},{4,10},{5,10}}",3,"{{3,5},{4,10},{5,10}}",4,"{{3,5},{4,10},{5,10}}",6,"{{3,5},{4,10},{5,10}}"
113010,"{{100,6,1,0,10},{100,6,2,0,5},{100,6,4,0,10}}","{{30,6,1,0,10},{30,6,2,0,5},{30,6,4,0,10}}",1,"{{3,5},{4,10},{5,10}}",3,"{{3,5},{4,10},{5,10}}",4,"{{3,5},{4,10},{5,10}}",6,"{{3,5},{4,10},{5,10}}"
113011,"{{100,6,1,0,10},{100,6,2,0,5},{100,6,4,0,10}}","{{30,6,1,0,10},{30,6,2,0,5},{30,6,4,0,10}}",1,"{{3,5},{4,10},{5,10}}",3,"{{3,5},{4,10},{5,10}}",4,"{{3,5},{4,10},{5,10}}",6,"{{3,5},{4,10},{5,10}}"
113012,"{{100,6,1,0,10},{100,6,2,0,5},{100,6,4,0,10}}","{{30,6,1,0,10},{30,6,2,0,5},{30,6,4,0,10}}",1,"{{3,5},{4,10},{5,10}}",3,"{{3,5},{4,10},{5,10}}",4,"{{3,5},{4,10},{5,10}}",6,"{{3,5},{4,10},{5,10}}"
113013,"{{100,6,1,0,10},{100,6,2,0,5},{100,6,4,0,10}}","{{30,6,1,0,10},{30,6,2,0,5},{30,6,4,0,10}}",1,"{{3,5},{4,10},{5,10}}",3,"{{3,5},{4,10},{5,10}}",4,"{{3,5},{4,10},{5,10}}",6,"{{3,5},{4,10},{5,10}}"
113014,"{{100,6,1,0,10},{100,6,2,0,5},{100,6,4,0,10}}","{{30,6,1,0,10},{30,6,2,0,5},{30,6,4,0,10}}",1,"{{3,5},{4,10},{5,10}}",3,"{{3,5},{4,10},{5,10}}",4,"{{3,5},{4,10},{5,10}}",6,"{{3,5},{4,10},{5,10}}"
113015,"{{100,6,1,0,10},{100,6,2,0,5},{100,6,4,0,10}}","{{30,6,1,0,10},{30,6,2,0,5},{30,6,4,0,10}}",1,"{{3,5},{4,10},{5,10}}",3,"{{3,5},{4,10},{5,10}}",4,"{{3,5},{4,10},{5,10}}",6,"{{3,5},{4,10},{5,10}}"
113016,"{{100,6,1,0,10},{100,6,2,0,5},{100,6,4,0,10}}","{{30,6,1,0,10},{30,6,2,0,5},{30,6,4,0,10}}",1,"{{3,5},{4,10},{5,10}}",3,"{{3,5},{4,10},{5,10}}",4,"{{3,5},{4,10},{5,10}}",6,"{{3,5},{4,10},{5,10}}"
113017,"{{100,6,1,0,10},{100,6,2,0,5},{100,6,4,0,10}}","{{30,6,1,0,10},{30,6,2,0,5},{30,6,4,0,10}}",1,"{{3,5},{4,10},{5,10}}",3,"{{3,5},{4,10},{5,10}}",4,"{{3,5},{4,10},{5,10}}",6,"{{3,5},{4,10},{5,10}}"
113018,"{{100,6,1,0,10},{100,6,2,0,5},{100,6,4,0,10}}","{{30,6,1,0,10},{30,6,2,0,5},{30,6,4,0,10}}",1,"{{3,5},{4,10},{5,10}}",3,"{{3,5},{4,10},{5,10}}",4,"{{3,5},{4,10},{5,10}}",6,"{{3,5},{4,10},{5,10}}"
113019,"{{100,6,1,0,10},{100,6,2,0,5},{100,6,4,0,10}}","{{30,6,1,0,10},{30,6,2,0,5},{30,6,4,0,10}}",1,"{{3,5},{4,10},{5,10}}",3,"{{3,5},{4,10},{5,10}}",4,"{{3,5},{4,10},{5,10}}",6,"{{3,5},{4,10},{5,10}}"
113020,"{{100,6,1,0,10},{100,6,2,0,5},{100,6,4,0,10}}","{{30,6,1,0,10},{30,6,2,0,5},{30,6,4,0,10}}",1,"{{3,5},{4,10},{5,10}}",3,"{{3,5},{4,10},{5,10}}",4,"{{3,5},{4,10},{5,10}}",6,"{{3,5},{4,10},{5,10}}"
113021,"{{100,6,1,0,10},{100,6,2,0,5},{100,6,4,0,10}}","{{30,6,1,0,10},{30,6,2,0,5},{30,6,4,0,10}}",1,"{{3,5},{4,10},{5,10}}",3,"{{3,5},{4,10},{5,10}}",4,"{{3,5},{4,10},{5,10}}",6,"{{3,5},{4,10},{5,10}}"
113022,"{{100,6,1,0,10},{100,6,2,0,5},{100,6,4,0,10}}","{{30,6,1,0,10},{30,6,2,0,5},{30,6,4,0,10}}",1,"{{3,5},{4,10},{5,10}}",3,"{{3,5},{4,10},{5,10}}",4,"{{3,5},{4,10},{5,10}}",6,"{{3,5},{4,10},{5,10}}"
113023,"{{100,6,1,0,10},{100,6,2,0,5},{100,6,4,0,10}}","{{30,6,1,0,10},{30,6,2,0,5},{30,6,4,0,10}}",1,"{{3,5},{4,10},{5,10}}",3,"{{3,5},{4,10},{5,10}}",4,"{{3,5},{4,10},{5,10}}",6,"{{3,5},{4,10},{5,10}}"
113024,"{{100,6,1,0,10},{100,6,2,0,5},{100,6,4,0,10}}","{{30,6,1,0,10},{30,6,2,0,5},{30,6,4,0,10}}",1,"{{3,5},{4,10},{5,10}}",3,"{{3,5},{4,10},{5,10}}",4,"{{3,5},{4,10},{5,10}}",6,"{{3,5},{4,10},{5,10}}"
113025,"{{100,6,1,0,10},{100,6,2,0,5},{100,6,4,0,10}}","{{30,6,1,0,10},{30,6,2,0,5},{30,6,4,0,10}}",1,"{{3,5},{4,10},{5,10}}",3,"{{3,5},{4,10},{5,10}}",4,"{{3,5},{4,10},{5,10}}",6,"{{3,5},{4,10},{5,10}}"
113026,"{{100,6,1,0,10},{100,6,2,0,5},{100,6,4,0,10}}","{{30,6,1,0,10},{30,6,2,0,5},{30,6,4,0,10}}",1,"{{3,5},{4,10},{5,10}}",3,"{{3,5},{4,10},{5,10}}",4,"{{3,5},{4,10},{5,10}}",6,"{{3,5},{4,10},{5,10}}"
113027,"{{100,6,1,0,10},{100,6,2,0,5},{100,6,4,0,10}}","{{30,6,1,0,10},{30,6,2,0,5},{30,6,4,0,10}}",1,"{{3,5},{4,10},{5,10}}",3,"{{3,5},{4,10},{5,10}}",4,"{{3,5},{4,10},{5,10}}",6,"{{3,5},{4,10},{5,10}}"
113028,"{{100,6,1,0,10},{100,6,2,0,5},{100,6,4,0,10}}","{{30,6,1,0,10},{30,6,2,0,5},{30,6,4,0,10}}",1,"{{3,5},{4,10},{5,10}}",3,"{{3,5},{4,10},{5,10}}",4,"{{3,5},{4,10},{5,10}}",6,"{{3,5},{4,10},{5,10}}"
113029,"{{100,6,1,0,10},{100,6,2,0,5},{100,6,4,0,10}}","{{30,6,1,0,10},{30,6,2,0,5},{30,6,4,0,10}}",1,"{{3,5},{4,10},{5,10}}",3,"{{3,5},{4,10},{5,10}}",4,"{{3,5},{4,10},{5,10}}",6,"{{3,5},{4,10},{5,10}}"
113030,"{{100,6,1,0,10},{100,6,2,0,5},{100,6,4,0,10}}","{{30,6,1,0,10},{30,6,2,0,5},{30,6,4,0,10}}",1,"{{3,5},{4,10},{5,10}}",3,"{{3,5},{4,10},{5,10}}",4,"{{3,5},{4,10},{5,10}}",6,"{{3,5},{4,10},{5,10}}"
113031,"{{100,6,1,0,10},{100,6,2,0,5},{100,6,4,0,10}}","{{30,6,1,0,10},{30,6,2,0,5},{30,6,4,0,10}}",1,"{{3,5},{4,10},{5,10}}",3,"{{3,5},{4,10},{5,10}}",4,"{{3,5},{4,10},{5,10}}",6,"{{3,5},{4,10},{5,10}}"
113032,"{{100,6,1,0,10},{100,6,2,0,5},{100,6,4,0,10}}","{{30,6,1,0,10},{30,6,2,0,5},{30,6,4,0,10}}",1,"{{3,5},{4,10},{5,10}}",3,"{{3,5},{4,10},{5,10}}",4,"{{3,5},{4,10},{5,10}}",6,"{{3,5},{4,10},{5,10}}"
113033,"{{100,6,1,0,10},{100,6,2,0,5},{100,6,4,0,10}}","{{30,6,1,0,10},{30,6,2,0,5},{30,6,4,0,10}}",1,"{{3,5},{4,10},{5,10}}",3,"{{3,5},{4,10},{5,10}}",4,"{{3,5},{4,10},{5,10}}",6,"{{3,5},{4,10},{5,10}}"
113034,"{{100,6,1,0,10},{100,6,2,0,5},{100,6,4,0,10}}","{{30,6,1,0,10},{30,6,2,0,5},{30,6,4,0,10}}",1,"{{3,5},{4,10},{5,10}}",3,"{{3,5},{4,10},{5,10}}",4,"{{3,5},{4,10},{5,10}}",6,"{{3,5},{4,10},{5,10}}"
113035,"{{100,6,1,0,10},{100,6,2,0,5},{100,6,4,0,10}}","{{30,6,1,0,10},{30,6,2,0,5},{30,6,4,0,10}}",1,"{{3,5},{4,10},{5,10}}",3,"{{3,5},{4,10},{5,10}}",4,"{{3,5},{4,10},{5,10}}",6,"{{3,5},{4,10},{5,10}}"
113036,"{{100,6,1,0,10},{100,6,2,0,5},{100,6,4,0,10}}","{{30,6,1,0,10},{30,6,2,0,5},{30,6,4,0,10}}",1,"{{3,5},{4,10},{5,10}}",3,"{{3,5},{4,10},{5,10}}",4,"{{3,5},{4,10},{5,10}}",6,"{{3,5},{4,10},{5,10}}"
113037,"{{100,6,1,0,10},{100,6,2,0,5},{100,6,4,0,10}}","{{30,6,1,0,10},{30,6,2,0,5},{30,6,4,0,10}}",1,"{{3,5},{4,10},{5,10}}",3,"{{3,5},{4,10},{5,10}}",4,"{{3,5},{4,10},{5,10}}",6,"{{3,5},{4,10},{5,10}}"
113038,"{{100,6,1,0,10},{100,6,2,0,5},{100,6,4,0,10}}","{{30,6,1,0,10},{30,6,2,0,5},{30,6,4,0,10}}",1,"{{3,5},{4,10},{5,10}}",3,"{{3,5},{4,10},{5,10}}",4,"{{3,5},{4,10},{5,10}}",6,"{{3,5},{4,10},{5,10}}"
113039,"{{100,6,1,0,10},{100,6,2,0,5},{100,6,4,0,10}}","{{30,6,1,0,10},{30,6,2,0,5},{30,6,4,0,10}}",1,"{{3,5},{4,10},{5,10}}",3,"{{3,5},{4,10},{5,10}}",4,"{{3,5},{4,10},{5,10}}",6,"{{3,5},{4,10},{5,10}}"
113040,"{{100,6,1,0,10},{100,6,2,0,5},{100,6,4,0,10}}","{{30,6,1,0,10},{30,6,2,0,5},{30,6,4,0,10}}",1,"{{3,5},{4,10},{5,10}}",3,"{{3,5},{4,10},{5,10}}",4,"{{3,5},{4,10},{5,10}}",6,"{{3,5},{4,10},{5,10}}"
113041,"{{100,6,1,0,10},{100,6,2,0,5},{100,6,4,0,10}}","{{30,6,1,0,10},{30,6,2,0,5},{30,6,4,0,10}}",1,"{{3,5},{4,10},{5,10}}",3,"{{3,5},{4,10},{5,10}}",4,"{{3,5},{4,10},{5,10}}",6,"{{3,5},{4,10},{5,10}}"
113042,"{{100,6,1,0,10},{100,6,2,0,5},{100,6,4,0,10}}","{{30,6,1,0,10},{30,6,2,0,5},{30,6,4,0,10}}",1,"{{3,5},{4,10},{5,10}}",3,"{{3,5},{4,10},{5,10}}",4,"{{3,5},{4,10},{5,10}}",6,"{{3,5},{4,10},{5,10}}"
113043,"{{100,6,1,0,10},{100,6,2,0,5},{100,6,4,0,10}}","{{30,6,1,0,10},{30,6,2,0,5},{30,6,4,0,10}}",1,"{{3,5},{4,10},{5,10}}",3,"{{3,5},{4,10},{5,10}}",4,"{{3,5},{4,10},{5,10}}",6,"{{3,5},{4,10},{5,10}}"
113044,"{{100,6,1,0,10},{100,6,2,0,5},{100,6,4,0,10}}","{{30,6,1,0,10},{30,6,2,0,5},{30,6,4,0,10}}",1,"{{3,5},{4,10},{5,10}}",3,"{{3,5},{4,10},{5,10}}",4,"{{3,5},{4,10},{5,10}}",6,"{{3,5},{4,10},{5,10}}"
113045,"{{100,6,1,0,10},{100,6,2,0,5},{100,6,4,0,10}}","{{30,6,1,0,10},{30,6,2,0,5},{30,6,4,0,10}}",1,"{{3,5},{4,10},{5,10}}",3,"{{3,5},{4,10},{5,10}}",4,"{{3,5},{4,10},{5,10}}",6,"{{3,5},{4,10},{5,10}}"
113046,"{{100,6,1,0,10},{100,6,2,0,5},{100,6,4,0,10}}","{{30,6,1,0,10},{30,6,2,0,5},{30,6,4,0,10}}",1,"{{3,5},{4,10},{5,10}}",3,"{{3,5},{4,10},{5,10}}",4,"{{3,5},{4,10},{5,10}}",6,"{{3,5},{4,10},{5,10}}"
113047,"{{100,6,1,0,10},{100,6,2,0,5},{100,6,4,0,10}}","{{30,6,1,0,10},{30,6,2,0,5},{30,6,4,0,10}}",1,"{{3,5},{4,10},{5,10}}",3,"{{3,5},{4,10},{5,10}}",4,"{{3,5},{4,10},{5,10}}",6,"{{3,5},{4,10},{5,10}}"
113048,"{{100,6,1,0,10},{100,6,2,0,5},{100,6,4,0,10}}","{{30,6,1,0,10},{30,6,2,0,5},{30,6,4,0,10}}",1,"{{3,5},{4,10},{5,10}}",3,"{{3,5},{4,10},{5,10}}",4,"{{3,5},{4,10},{5,10}}",6,"{{3,5},{4,10},{5,10}}"
113049,"{{100,6,1,0,10},{100,6,2,0,5},{100,6,4,0,10}}","{{30,6,1,0,10},{30,6,2,0,5},{30,6,4,0,10}}",1,"{{3,5},{4,10},{5,10}}",3,"{{3,5},{4,10},{5,10}}",4,"{{3,5},{4,10},{5,10}}",6,"{{3,5},{4,10},{5,10}}"
113050,"{{100,6,1,0,10},{100,6,2,0,5},{100,6,4,0,10}}","{{30,6,1,0,10},{30,6,2,0,5},{30,6,4,0,10}}",1,"{{3,5},{4,10},{5,10}}",3,"{{3,5},{4,10},{5,10}}",4,"{{3,5},{4,10},{5,10}}",6,"{{3,5},{4,10},{5,10}}"
113051,"{{100,6,1,0,10},{100,6,2,0,5},{100,6,4,0,10}}","{{30,6,1,0,10},{30,6,2,0,5},{30,6,4,0,10}}",1,"{{3,5},{4,10},{5,10}}",3,"{{3,5},{4,10},{5,10}}",4,"{{3,5},{4,10},{5,10}}",6,"{{3,5},{4,10},{5,10}}"
113052,"{{100,6,1,0,10},{100,6,2,0,5},{100,6,4,0,10}}","{{30,6,1,0,10},{30,6,2,0,5},{30,6,4,0,10}}",1,"{{3,5},{4,10},{5,10}}",3,"{{3,5},{4,10},{5,10}}",4,"{{3,5},{4,10},{5,10}}",6,"{{3,5},{4,10},{5,10}}"
113053,"{{100,6,1,0,10},{100,6,2,0,5},{100,6,4,0,10}}","{{30,6,1,0,10},{30,6,2,0,5},{30,6,4,0,10}}",1,"{{3,5},{4,10},{5,10}}",3,"{{3,5},{4,10},{5,10}}",4,"{{3,5},{4,10},{5,10}}",6,"{{3,5},{4,10},{5,10}}"
113054,"{{100,6,1,0,10},{100,6,2,0,5},{100,6,4,0,10}}","{{30,6,1,0,10},{30,6,2,0,5},{30,6,4,0,10}}",1,"{{3,5},{4,10},{5,10}}",3,"{{3,5},{4,10},{5,10}}",4,"{{3,5},{4,10},{5,10}}",6,"{{3,5},{4,10},{5,10}}"
113055,"{{100,6,1,0,10},{100,6,2,0,5},{100,6,4,0,10}}","{{30,6,1,0,10},{30,6,2,0,5},{30,6,4,0,10}}",1,"{{3,5},{4,10},{5,10}}",3,"{{3,5},{4,10},{5,10}}",4,"{{3,5},{4,10},{5,10}}",6,"{{3,5},{4,10},{5,10}}"
113056,"{{100,6,1,0,10},{100,6,2,0,5},{100,6,4,0,10}}","{{30,6,1,0,10},{30,6,2,0,5},{30,6,4,0,10}}",1,"{{3,5},{4,10},{5,10}}",3,"{{3,5},{4,10},{5,10}}",4,"{{3,5},{4,10},{5,10}}",6,"{{3,5},{4,10},{5,10}}"
113057,"{{100,6,1,0,10},{100,6,2,0,5},{100,6,4,0,10}}","{{30,6,1,0,10},{30,6,2,0,5},{30,6,4,0,10}}",1,"{{3,5},{4,10},{5,10}}",3,"{{3,5},{4,10},{5,10}}",4,"{{3,5},{4,10},{5,10}}",6,"{{3,5},{4,10},{5,10}}"
113058,"{{100,6,1,0,10},{100,6,2,0,5},{100,6,4,0,10}}","{{30,6,1,0,10},{30,6,2,0,5},{30,6,4,0,10}}",1,"{{3,5},{4,10},{5,10}}",3,"{{3,5},{4,10},{5,10}}",4,"{{3,5},{4,10},{5,10}}",6,"{{3,5},{4,10},{5,10}}"
113059,"{{100,6,1,0,10},{100,6,2,0,5},{100,6,4,0,10}}","{{30,6,1,0,10},{30,6,2,0,5},{30,6,4,0,10}}",1,"{{3,5},{4,10},{5,10}}",3,"{{3,5},{4,10},{5,10}}",4,"{{3,5},{4,10},{5,10}}",6,"{{3,5},{4,10},{5,10}}"
113060,"{{100,6,1,0,10},{100,6,2,0,5},{100,6,4,0,10}}","{{30,6,1,0,10},{30,6,2,0,5},{30,6,4,0,10}}",1,"{{3,5},{4,10},{5,10}}",3,"{{3,5},{4,10},{5,10}}",4,"{{3,5},{4,10},{5,10}}",6,"{{3,5},{4,10},{5,10}}"
113061,"{{100,6,1,0,10},{100,6,2,0,5},{100,6,4,0,10}}","{{30,6,1,0,10},{30,6,2,0,5},{30,6,4,0,10}}",1,"{{3,5},{4,10},{5,10}}",3,"{{3,5},{4,10},{5,10}}",4,"{{3,5},{4,10},{5,10}}",6,"{{3,5},{4,10},{5,10}}"
113062,"{{100,6,1,0,10},{100,6,2,0,5},{100,6,4,0,10}}","{{30,6,1,0,10},{30,6,2,0,5},{30,6,4,0,10}}",1,"{{3,5},{4,10},{5,10}}",3,"{{3,5},{4,10},{5,10}}",4,"{{3,5},{4,10},{5,10}}",6,"{{3,5},{4,10},{5,10}}"
113063,"{{100,6,1,0,10},{100,6,2,0,5},{100,6,4,0,10}}","{{30,6,1,0,10},{30,6,2,0,5},{30,6,4,0,10}}",1,"{{3,5},{4,10},{5,10}}",3,"{{3,5},{4,10},{5,10}}",4,"{{3,5},{4,10},{5,10}}",6,"{{3,5},{4,10},{5,10}}"
113064,"{{100,6,1,0,10},{100,6,2,0,5},{100,6,4,0,10}}","{{30,6,1,0,10},{30,6,2,0,5},{30,6,4,0,10}}",1,"{{3,5},{4,10},{5,10}}",3,"{{3,5},{4,10},{5,10}}",4,"{{3,5},{4,10},{5,10}}",6,"{{3,5},{4,10},{5,10}}"
113065,"{{100,6,1,0,10},{100,6,2,0,5},{100,6,4,0,10}}","{{30,6,1,0,10},{30,6,2,0,5},{30,6,4,0,10}}",1,"{{3,5},{4,10},{5,10}}",3,"{{3,5},{4,10},{5,10}}",4,"{{3,5},{4,10},{5,10}}",6,"{{3,5},{4,10},{5,10}}"
113066,"{{100,6,1,0,10},{100,6,2,0,5},{100,6,4,0,10}}","{{30,6,1,0,10},{30,6,2,0,5},{30,6,4,0,10}}",1,"{{3,5},{4,10},{5,10}}",3,"{{3,5},{4,10},{5,10}}",4,"{{3,5},{4,10},{5,10}}",6,"{{3,5},{4,10},{5,10}}"
113067,"{{100,6,1,0,10},{100,6,2,0,5},{100,6,4,0,10}}","{{30,6,1,0,10},{30,6,2,0,5},{30,6,4,0,10}}",1,"{{3,5},{4,10},{5,10}}",3,"{{3,5},{4,10},{5,10}}",4,"{{3,5},{4,10},{5,10}}",6,"{{3,5},{4,10},{5,10}}"
113068,"{{100,6,1,0,10},{100,6,2,0,5},{100,6,4,0,10}}","{{30,6,1,0,10},{30,6,2,0,5},{30,6,4,0,10}}",1,"{{3,5},{4,10},{5,10}}",3,"{{3,5},{4,10},{5,10}}",4,"{{3,5},{4,10},{5,10}}",6,"{{3,5},{4,10},{5,10}}"
113069,"{{100,6,1,0,10},{100,6,2,0,5},{100,6,4,0,10}}","{{30,6,1,0,10},{30,6,2,0,5},{30,6,4,0,10}}",1,"{{3,5},{4,10},{5,10}}",3,"{{3,5},{4,10},{5,10}}",4,"{{3,5},{4,10},{5,10}}",6,"{{3,5},{4,10},{5,10}}"
113070,"{{100,6,1,0,10},{100,6,2,0,5},{100,6,4,0,10}}","{{30,6,1,0,10},{30,6,2,0,5},{30,6,4,0,10}}",1,"{{3,5},{4,10},{5,10}}",3,"{{3,5},{4,10},{5,10}}",4,"{{3,5},{4,10},{5,10}}",6,"{{3,5},{4,10},{5,10}}"
113071,"{{100,6,1,0,10},{100,6,2,0,5},{100,6,4,0,10}}","{{30,6,1,0,10},{30,6,2,0,5},{30,6,4,0,10}}",1,"{{3,5},{4,10},{5,10}}",3,"{{3,5},{4,10},{5,10}}",4,"{{3,5},{4,10},{5,10}}",6,"{{3,5},{4,10},{5,10}}"
113072,"{{100,6,1,0,10},{100,6,2,0,5},{100,6,4,0,10}}","{{30,6,1,0,10},{30,6,2,0,5},{30,6,4,0,10}}",1,"{{3,5},{4,10},{5,10}}",3,"{{3,5},{4,10},{5,10}}",4,"{{3,5},{4,10},{5,10}}",6,"{{3,5},{4,10},{5,10}}"
113073,"{{100,6,1,0,10},{100,6,2,0,5},{100,6,4,0,10}}","{{30,6,1,0,10},{30,6,2,0,5},{30,6,4,0,10}}",1,"{{3,5},{4,10},{5,10}}",3,"{{3,5},{4,10},{5,10}}",4,"{{3,5},{4,10},{5,10}}",6,"{{3,5},{4,10},{5,10}}"
113074,"{{100,6,1,0,10},{100,6,2,0,5},{100,6,4,0,10}}","{{30,6,1,0,10},{30,6,2,0,5},{30,6,4,0,10}}",1,"{{3,5},{4,10},{5,10}}",3,"{{3,5},{4,10},{5,10}}",4,"{{3,5},{4,10},{5,10}}",6,"{{3,5},{4,10},{5,10}}"
113075,"{{100,6,1,0,10},{100,6,2,0,5},{100,6,4,0,10}}","{{30,6,1,0,10},{30,6,2,0,5},{30,6,4,0,10}}",1,"{{3,5},{4,10},{5,10}}",3,"{{3,5},{4,10},{5,10}}",4,"{{3,5},{4,10},{5,10}}",6,"{{3,5},{4,10},{5,10}}"
113076,"{{100,6,1,0,10},{100,6,2,0,5},{100,6,4,0,10}}","{{30,6,1,0,10},{30,6,2,0,5},{30,6,4,0,10}}",1,"{{3,5},{4,10},{5,10}}",3,"{{3,5},{4,10},{5,10}}",4,"{{3,5},{4,10},{5,10}}",6,"{{3,5},{4,10},{5,10}}"
113077,"{{100,6,1,0,10},{100,6,2,0,5},{100,6,4,0,10}}","{{30,6,1,0,10},{30,6,2,0,5},{30,6,4,0,10}}",1,"{{3,5},{4,10},{5,10}}",3,"{{3,5},{4,10},{5,10}}",4,"{{3,5},{4,10},{5,10}}",6,"{{3,5},{4,10},{5,10}}"
113078,"{{100,6,1,0,10},{100,6,2,0,5},{100,6,4,0,10}}","{{30,6,1,0,10},{30,6,2,0,5},{30,6,4,0,10}}",1,"{{3,5},{4,10},{5,10}}",3,"{{3,5},{4,10},{5,10}}",4,"{{3,5},{4,10},{5,10}}",6,"{{3,5},{4,10},{5,10}}"
113079,"{{100,6,1,0,10},{100,6,2,0,5},{100,6,4,0,10}}","{{30,6,1,0,10},{30,6,2,0,5},{30,6,4,0,10}}",1,"{{3,5},{4,10},{5,10}}",3,"{{3,5},{4,10},{5,10}}",4,"{{3,5},{4,10},{5,10}}",6,"{{3,5},{4,10},{5,10}}"
113080,"{{100,6,1,0,10},{100,6,2,0,5},{100,6,4,0,10}}","{{30,6,1,0,10},{30,6,2,0,5},{30,6,4,0,10}}",1,"{{3,5},{4,10},{5,10}}",3,"{{3,5},{4,10},{5,10}}",4,"{{3,5},{4,10},{5,10}}",6,"{{3,5},{4,10},{5,10}}"
113081,"{{100,6,1,0,10},{100,6,2,0,5},{100,6,4,0,10}}","{{30,6,1,0,10},{30,6,2,0,5},{30,6,4,0,10}}",1,"{{3,5},{4,10},{5,10}}",3,"{{3,5},{4,10},{5,10}}",4,"{{3,5},{4,10},{5,10}}",6,"{{3,5},{4,10},{5,10}}"
113082,"{{100,6,1,0,10},{100,6,2,0,5},{100,6,4,0,10}}","{{30,6,1,0,10},{30,6,2,0,5},{30,6,4,0,10}}",1,"{{3,5},{4,10},{5,10}}",3,"{{3,5},{4,10},{5,10}}",4,"{{3,5},{4,10},{5,10}}",6,"{{3,5},{4,10},{5,10}}"
113083,"{{100,6,1,0,10},{100,6,2,0,5},{100,6,4,0,10}}","{{30,6,1,0,10},{30,6,2,0,5},{30,6,4,0,10}}",1,"{{3,5},{4,10},{5,10}}",3,"{{3,5},{4,10},{5,10}}",4,"{{3,5},{4,10},{5,10}}",6,"{{3,5},{4,10},{5,10}}"
113084,"{{100,6,1,0,10},{100,6,2,0,5},{100,6,4,0,10}}","{{30,6,1,0,10},{30,6,2,0,5},{30,6,4,0,10}}",1,"{{3,5},{4,10},{5,10}}",3,"{{3,5},{4,10},{5,10}}",4,"{{3,5},{4,10},{5,10}}",6,"{{3,5},{4,10},{5,10}}"
113085,"{{100,6,1,0,10},{100,6,2,0,5},{100,6,4,0,10}}","{{30,6,1,0,10},{30,6,2,0,5},{30,6,4,0,10}}",1,"{{3,5},{4,10},{5,10}}",3,"{{3,5},{4,10},{5,10}}",4,"{{3,5},{4,10},{5,10}}",6,"{{3,5},{4,10},{5,10}}"
113086,"{{100,6,1,0,10},{100,6,2,0,5},{100,6,4,0,10}}","{{30,6,1,0,10},{30,6,2,0,5},{30,6,4,0,10}}",1,"{{3,5},{4,10},{5,10}}",3,"{{3,5},{4,10},{5,10}}",4,"{{3,5},{4,10},{5,10}}",6,"{{3,5},{4,10},{5,10}}"
113087,"{{100,6,1,0,10},{100,6,2,0,5},{100,6,4,0,10}}","{{30,6,1,0,10},{30,6,2,0,5},{30,6,4,0,10}}",1,"{{3,5},{4,10},{5,10}}",3,"{{3,5},{4,10},{5,10}}",4,"{{3,5},{4,10},{5,10}}",6,"{{3,5},{4,10},{5,10}}"
113088,"{{100,6,1,0,10},{100,6,2,0,5},{100,6,4,0,10}}","{{30,6,1,0,10},{30,6,2,0,5},{30,6,4,0,10}}",1,"{{3,5},{4,10},{5,10}}",3,"{{3,5},{4,10},{5,10}}",4,"{{3,5},{4,10},{5,10}}",6,"{{3,5},{4,10},{5,10}}"
113089,"{{100,6,1,0,10},{100,6,2,0,5},{100,6,4,0,10}}","{{30,6,1,0,10},{30,6,2,0,5},{30,6,4,0,10}}",1,"{{3,5},{4,10},{5,10}}",3,"{{3,5},{4,10},{5,10}}",4,"{{3,5},{4,10},{5,10}}",6,"{{3,5},{4,10},{5,10}}"
113090,"{{100,6,1,0,10},{100,6,2,0,5},{100,6,4,0,10}}","{{30,6,1,0,10},{30,6,2,0,5},{30,6,4,0,10}}",1,"{{3,5},{4,10},{5,10}}",3,"{{3,5},{4,10},{5,10}}",4,"{{3,5},{4,10},{5,10}}",6,"{{3,5},{4,10},{5,10}}"
120101,"{{100,1,2,0,10},{100,1,2,0,10},{100,1,2,0,10}}","{{30,1,2,0,10},{30,1,2,0,10},{30,1,2,0,10}}",1,"{{3,5},{4,10},{5,10}}",3,"{{3,5},{4,10},{5,10}}",4,"{{3,5},{4,10},{5,10}}",6,"{{3,5},{4,10},{5,10}}"
120102,"{{100,1,2,0,10},{100,1,2,0,10},{100,1,2,0,10}}","{{30,1,2,0,10},{30,1,2,0,10},{30,1,2,0,10}}",1,"{{3,5},{4,10},{5,10}}",3,"{{3,5},{4,10},{5,10}}",4,"{{3,5},{4,10},{5,10}}",6,"{{3,5},{4,10},{5,10}}"
120103,"{{100,1,2,0,10},{100,1,2,0,10},{100,1,2,0,10}}","{{30,1,2,0,10},{30,1,2,0,10},{30,1,2,0,10}}",1,"{{3,5},{4,10},{5,10}}",3,"{{3,5},{4,10},{5,10}}",4,"{{3,5},{4,10},{5,10}}",6,"{{3,5},{4,10},{5,10}}"
120104,"{{100,1,2,0,10},{100,1,2,0,10},{100,1,2,0,10}}","{{30,1,2,0,10},{30,1,2,0,10},{30,1,2,0,10}}",1,"{{3,5},{4,10},{5,10}}",3,"{{3,5},{4,10},{5,10}}",4,"{{3,5},{4,10},{5,10}}",6,"{{3,5},{4,10},{5,10}}"
120201,"{{100,6,1,0,10},{100,6,2,0,5},{100,6,4,0,10}}","{{30,6,4,0,10},{30,6,5,0,10},{30,6,6,0,10}}",1,"{{3,5},{4,10},{5,10}}",3,"{{3,5},{4,10},{5,10}}",4,"{{3,5},{4,10},{5,10}}",6,"{{3,5},{4,10},{5,10}}"
120202,"{{100,6,1,0,10},{100,6,2,0,5},{100,6,4,0,10}}","{{30,6,4,0,10},{30,6,5,0,10},{30,6,6,0,10}}",1,"{{3,5},{4,10},{5,10}}",3,"{{3,5},{4,10},{5,10}}",4,"{{3,5},{4,10},{5,10}}",6,"{{3,5},{4,10},{5,10}}"
120203,"{{100,6,1,0,10},{100,6,2,0,5},{100,6,4,0,10}}","{{30,6,4,0,10},{30,6,5,0,10},{30,6,6,0,10}}",1,"{{3,5},{4,10},{5,10}}",3,"{{3,5},{4,10},{5,10}}",4,"{{3,5},{4,10},{5,10}}",6,"{{3,5},{4,10},{5,10}}"
120204,"{{100,6,1,0,10},{100,6,2,0,5},{100,6,4,0,10}}","{{30,6,4,0,10},{30,6,5,0,10},{30,6,6,0,10}}",1,"{{3,5},{4,10},{5,10}}",3,"{{3,5},{4,10},{5,10}}",4,"{{3,5},{4,10},{5,10}}",6,"{{3,5},{4,10},{5,10}}"
120301,"{{100,6,1,0,10},{100,6,2,0,5},{100,6,4,0,10}}","{{30,6,1,0,10},{30,6,2,0,10},{30,6,3,0,10}}",1,"{{3,5},{4,10},{5,10}}",3,"{{3,5},{4,10},{5,10}}",4,"{{3,5},{4,10},{5,10}}",6,"{{3,5},{4,10},{5,10}}"
120302,"{{100,6,1,0,10},{100,6,2,0,5},{100,6,4,0,10}}","{{30,6,1,0,10},{30,6,2,0,10},{30,6,3,0,10}}",1,"{{3,5},{4,10},{5,10}}",3,"{{3,5},{4,10},{5,10}}",4,"{{3,5},{4,10},{5,10}}",6,"{{3,5},{4,10},{5,10}}"
120303,"{{100,6,1,0,10},{100,6,2,0,5},{100,6,4,0,10}}","{{30,6,1,0,10},{30,6,2,0,10},{30,6,3,0,10}}",1,"{{3,5},{4,10},{5,10}}",3,"{{3,5},{4,10},{5,10}}",4,"{{3,5},{4,10},{5,10}}",6,"{{3,5},{4,10},{5,10}}"
120304,"{{100,6,1,0,10},{100,6,2,0,5},{100,6,4,0,10}}","{{30,6,1,0,10},{30,6,2,0,10},{30,6,3,0,10}}",1,"{{3,5},{4,10},{5,10}}",3,"{{3,5},{4,10},{5,10}}",4,"{{3,5},{4,10},{5,10}}",6,"{{3,5},{4,10},{5,10}}"
131001,"{{100,1,2,0,10},{100,1,2,0,10}}","{{30,6,1,0,10},{30,6,2,0,10},{30,6,3,0,10}}",1,"{{3,5},{4,10},{5,10}}",3,"{{3,5},{4,10},{5,10}}",4,"{{3,5},{4,10},{5,10}}",6,"{{3,5},{4,10},{5,10}}"
131002,"{{100,1,2,0,10},{100,1,2,0,10}}","{{30,6,1,0,10},{30,6,2,0,10},{30,6,3,0,10}}",1,"{{3,5},{4,10},{5,10}}",3,"{{3,5},{4,10},{5,10}}",4,"{{3,5},{4,10},{5,10}}",6,"{{3,5},{4,10},{5,10}}"
131003,"{{100,1,2,0,10},{100,1,2,0,10}}","{{30,6,1,0,10},{30,6,2,0,10},{30,6,3,0,10}}",1,"{{3,5},{4,10},{5,10}}",3,"{{3,5},{4,10},{5,10}}",4,"{{3,5},{4,10},{5,10}}",6,"{{3,5},{4,10},{5,10}}"
131104,"{{100,1,2,0,10},{100,1,2,0,10}}","{{30,6,1,0,10},{30,6,2,0,10},{30,6,3,0,10}}",1,"{{3,5},{4,10},{5,10}}",3,"{{3,5},{4,10},{5,10}}",4,"{{3,5},{4,10},{5,10}}",6,"{{3,5},{4,10},{5,10}}"
131105,"{{100,1,2,0,10},{100,1,2,0,10}}","{{30,6,1,0,10},{30,6,2,0,10},{30,6,3,0,10}}",1,"{{3,5},{4,10},{5,10}}",3,"{{3,5},{4,10},{5,10}}",4,"{{3,5},{4,10},{5,10}}",6,"{{3,5},{4,10},{5,10}}"
131106,"{{100,1,2,0,10},{100,1,2,0,10}}","{{30,6,1,0,10},{30,6,2,0,10},{30,6,3,0,10}}",1,"{{3,5},{4,10},{5,10}}",3,"{{3,5},{4,10},{5,10}}",4,"{{3,5},{4,10},{5,10}}",6,"{{3,5},{4,10},{5,10}}"
50001,{},"{{100,1,2,0,1000},{100,6,1,0,10},{100,1,4,0,20}}",0,{},0,{},0,{},0,{}
50002,{},"{{100,1,2,0,1000},{100,6,1,0,10},{30,1,4,0,20}}",0,{},0,{},0,{},0,{}
50003,{},"{{100,1,2,0,1000},{100,6,1,0,10},{100,1,4,0,20}}",0,{},0,{},0,{},0,{}
50004,{},"{{100,1,2,0,1000},{100,6,1,0,10},{100,1,4,0,20}}",0,{},0,{},0,{},0,{}
50005,{},{},10001,"{{1,1}}",0,{},0,{},0,{}
50006,{},"{{100,1,2,0,200},{100,1,4,0,50},{100,6,2,0,5},{100,6,5,0,5}}",0,{},0,{},0,{},0,{}
50007,{},"{{100,1,2,0,200},{100,1,4,0,50},{100,6,2,0,5},{100,6,5,0,5}}",0,{},0,{},0,{},0,{}
50008,{},"{{100,1,5,0,10}}",0,{},0,{},0,{},0,{}
